true,pred,error,abs_error,is_outlier
0.0083754,-0.7836153,-0.7919906911186219,0.7919906911186219,False
0.023758,-0.34502384,-0.36878184066581726,0.36878184066581726,False
0.0090885,-1.3334522,-1.3425407247314454,1.3425407247314454,False
0.073953,-0.12898195,-0.20293494789886474,0.20293494789886474,False
0.023688,0.74075705,0.7170690481300354,0.7170690481300354,False
0.015157,-0.49958348,-0.5147404827423095,0.5147404827423095,False
0.008151,-0.30726624,-0.3154172353515625,0.3154172353515625,False
0.0095732,-1.2751822,-1.2847554471618652,1.2847554471618652,False
0.048649,-0.06663525,-0.11528425104522705,0.11528425104522705,False
0.024256,0.4498031,0.42554711393737793,0.42554711393737793,False
0.0078973,-0.52910113,-0.5369984333465576,0.5369984333465576,False
0.0089656,-0.82942,-0.8383855705123902,0.8383855705123902,False
0.0073975,-0.6901763,-0.6975738081550598,0.6975738081550598,False
0.0073896,-0.315485,-0.32287460061035156,0.32287460061035156,False
0.0092015,-1.1760099,-1.1852113934173585,1.1852113934173585,False
0.019425,-0.92980945,-0.9492344511032105,0.9492344511032105,False
0.017584,1.1718159,1.1542318721923828,1.1542318721923828,False
0.0074755,0.4430871,0.435611600982666,0.435611600982666,False
0.0098911,-1.6529791,-1.6628702355133056,1.6628702355133056,False
0.0089271,-1.4291861,-1.4381132057281494,1.4381132057281494,False
0.01936,-0.07380068,-0.09316068302154541,0.09316068302154541,False
0.0085098,-0.82942,-0.8379297705123901,0.8379297705123901,False
0.0089767,-0.6055522,-0.6145288965026855,0.6145288965026855,False
0.012992,-1.0548911,-1.0678831094665526,1.0678831094665526,False
0.0083279,0.12849331,0.1201654090209961,0.1201654090209961,False
0.0095301,-0.4305555,-0.4400855926395416,0.4400855926395416,False
0.008259,-1.0027447,-1.0110036746826172,1.0110036746826172,False
0.017078,-1.1185292,-1.135607200553894,1.135607200553894,False
0.0097922,0.14851701,0.13872481259613037,0.13872481259613037,False
0.012494,-2.466902,-2.4793960175933836,2.4793960175933836,True
0.0080218,-0.17447871,-0.18250050969772338,0.18250050969772338,False
0.018618,-0.09492782,-0.1135458175830841,0.1135458175830841,False
0.016634,-1.0432307,-1.059864652809143,1.059864652809143,False
0.0085258,-2.2674944,-2.2760202400787355,2.2760202400787355,True
0.009166,-0.9642025,-0.9733685232315064,0.9733685232315064,False
0.0098412,-1.044096,-1.0539371930419923,1.0539371930419923,False
0.0086435,-0.8038486,-0.8124921242294312,0.8124921242294312,False
0.027977,-0.393485,-0.42146200967025754,0.42146200967025754,False
0.0085483,-1.1034433,-1.1119915649612426,1.1119915649612426,False
0.0082775,0.7446656,0.7363881227111816,0.7363881227111816,False
0.016242,0.31939566,0.30315366135406496,0.30315366135406496,False
0.0095588,0.7950443,0.7854855029403687,0.7854855029403687,False
0.013705,-0.8119752,-0.8256801811027527,0.8256801811027527,False
0.014561,-0.32505578,-0.3396167780265808,0.3396167780265808,False
0.045818,-0.48607862,-0.5318966199569702,0.5318966199569702,False
0.0077059,-0.81313,-0.8208359210952759,0.8208359210952759,False
0.017873,-1.3710151,-1.3888880718688965,1.3888880718688965,False
0.014885,0.6635675,0.6486824834251403,0.6486824834251403,False
0.017696,1.4968057,1.4791096678771973,1.4791096678771973,False
0.0071917,-1.214406,-1.2215977134887694,1.2215977134887694,False
0.0089165,-0.6794454,-0.6883618859329224,0.6883618859329224,False
0.0094842,0.0015327036,-0.007951496361923218,0.007951496361923218,False
0.0094748,-0.4862094,-0.4956841925476074,0.4956841925476074,False
0.0095737,-1.044096,-1.0536696930419922,1.0536696930419922,False
0.0087873,-0.39694703,-0.4057343262527466,0.4057343262527466,False
0.020383,-0.88858765,-0.9089706536369324,0.9089706536369324,False
0.0086757,-0.1589905,-0.16766620235748292,0.16766620235748292,False
0.0098537,-1.1450763,-1.1549299748718262,1.1549299748718262,False
0.037092,-0.10227287,-0.13936486815643312,0.13936486815643312,False
0.02622,0.27585006,0.24963005760192872,0.24963005760192872,False
0.0086409,-0.39694703,-0.4055879262527466,0.4055879262527466,False
0.0078185,-1.8006647,-1.8084831633148193,1.8084831633148193,True
0.011142,0.66298926,0.6518472587661743,0.6518472587661743,False
0.014363,1.1152092,1.1008462218399049,1.1008462218399049,False
0.010859,-2.050768,-2.0616268985595703,2.0616268985595703,True
0.0083907,-1.6245625,-1.6329532019073487,1.6329532019073487,False
0.01286,-2.483329,-2.4961890576934813,2.4961890576934813,True
0.019848,-1.4578363,-1.4776842703323365,1.4776842703323365,False
0.013782,-1.0237253,-1.0375072712249755,1.0375072712249755,False
0.0077151,-0.9536803,-0.9613953768707275,0.9613953768707275,False
0.0093411,-1.648339,-1.6576801331268312,1.6576801331268312,False
1.6915,-1.2136549,-2.90515487575531,2.90515487575531,True
0.010082,-2.366391,-2.376472943527222,2.376472943527222,True
0.0088627,0.00978297,0.0009202699516296393,0.0009202699516296393,False
0.0082298,-2.2635183,-2.2717481334350587,2.2717481334350587,True
0.008414,-1.0875577,-1.0959716734542846,1.0959716734542846,False
0.0088399,-1.4026642,-1.4115040845703124,1.4115040845703124,False
0.01615,-1.5293204,-1.5454703592300416,1.5454703592300416,False
0.03015,0.044763148,0.014613147830963135,0.014613147830963135,False
0.0083685,-1.574187,-1.5825555403289795,1.5825555403289795,False
0.011529,-2.306535,-2.318064005569458,2.318064005569458,True
0.018042,-1.3996214,-1.4176633674545287,1.4176633674545287,False
0.0084148,-2.8412333,-2.849648053479004,2.849648053479004,True
0.0086812,-1.5433711,-1.552052281352234,1.552052281352234,False
0.014826,-3.1331038,-3.147929847503662,3.147929847503662,True
0.034457,-0.83399355,-0.8684505541152954,0.8684505541152954,False
0.043605,-1.0149608,-1.058565765838623,1.058565765838623,False
0.0085657,-0.44149125,-0.4500569462234497,0.4500569462234497,False
0.023601,-0.86806285,-0.8916638538131714,0.8916638538131714,False
0.04249,-1.5884068,-1.6308968012237548,1.6308968012237548,False
0.0096254,-0.42847484,-0.4381002435020447,0.4381002435020447,False
0.0088365,-1.1340464,-1.14288293535614,1.14288293535614,False
0.0087398,-1.5152686,-1.5240083642242432,1.5240083642242432,False
0.014989,0.6978419,0.6828528827056884,0.6828528827056884,False
0.0088458,-0.54240984,-0.5512556372459412,0.5512556372459412,False
0.076135,-0.63877976,-0.7149147594070434,0.7149147594070434,False
0.0095481,0.1664598,0.1569116988128662,0.1569116988128662,False
0.009392,-0.5757466,-0.5851385958595275,0.5851385958595275,False
0.0075283,-1.4044703,-1.4119986245162963,1.4119986245162963,False
0.017458,-2.3032117,-2.3206696889953613,2.3206696889953613,True
0.0095587,-0.7489299,-0.7584886178123474,0.7584886178123474,False
0.007054,-1.0574684,-1.0645224143066405,1.0645224143066405,False
0.0080701,0.07124263,0.06317253048171997,0.06317253048171997,False
0.0083255,-1.243093,-1.2514185137634277,1.2514185137634277,False
0.0081382,0.25002337,0.24188516502075194,0.24188516502075194,False
0.0092091,-0.6737441,-0.6829531824508667,0.6829531824508667,False
0.013257,-1.440191,-1.4534480305023194,1.4534480305023194,False
0.0081322,-1.4746226,-1.48275480723114,1.48275480723114,False
0.051768,-0.38289213,-0.4346601318054199,0.4346601318054199,False
0.013506,-0.23780754,-0.2513135420856476,0.2513135420856476,False
0.022205,-0.90820813,-0.9304131317901612,0.9304131317901612,False
0.0091245,-0.5285399,-0.5376643960113525,0.5376643960113525,False
0.036802,-0.5117823,-0.5485842885513306,0.5485842885513306,False
0.017891,-1.9659948,-1.9838858348999024,1.9838858348999024,True
0.014329,1.1841002,1.1697711510620117,1.1697711510620117,False
0.010469,-1.3125942,-1.3230631753387452,1.3230631753387452,False
0.0077854,-1.2841394,-1.2919247947601318,1.2919247947601318,False
0.012138,0.15882015,0.14668215228271483,0.14668215228271483,False
0.01424,-0.66934526,-0.6835852596664429,0.6835852596664429,False
0.027146,-0.20519882,-0.23234482440567017,0.23234482440567017,False
0.0083928,-0.45274186,-0.46113466134338377,0.46113466134338377,False
0.016471,-0.7918204,-0.8082914069137573,0.8082914069137573,False
0.011565,-0.4766571,-0.48822209257125854,0.48822209257125854,False
0.015595,-1.8241765,-1.839771549911499,1.839771549911499,True
0.014629,-0.19988042,-0.21450942116165161,0.21450942116165161,False
0.0090921,-1.3234179,-1.3325100019927978,1.3325100019927978,False
0.0092627,-1.491706,-1.5009687136795045,1.5009687136795045,False
0.046488,-1.4328,-1.479288054550171,1.479288054550171,False
0.012824,-0.27965653,-0.2924805294265747,0.2924805294265747,False
0.017185,-0.53085244,-0.5480374370193482,0.5480374370193482,False
0.0082261,-2.8341467,-2.842372838052368,2.842372838052368,True
0.020142,-2.3083048,-2.328446786682129,2.328446786682129,True
0.018647,-0.83405435,-0.8527013508529663,0.8527013508529663,False
0.015917,-0.36642182,-0.38233881873321535,0.38233881873321535,False
0.029026,-1.1751075,-1.204133479095459,1.204133479095459,False
0.0066945,-1.0913159,-1.0980103655166626,1.0980103655166626,False
0.012081,-0.092843115,-0.10492411532974243,0.10492411532974243,False
0.0142,-0.10835403,-0.12255403203964234,0.12255403203964234,False
0.0088854,-1.111687,-1.120572344961548,1.120572344961548,False
0.018045,-0.9320148,-0.9500598229598999,0.9500598229598999,False
0.010846,-0.71694946,-0.727795462890625,0.727795462890625,False
0.019025,-1.2744896,-1.2935146411895753,1.2935146411895753,False
0.0081388,-0.5525787,-0.5607174876678467,0.5607174876678467,False
0.008696,-0.26305306,-0.2717490595779419,0.2717490595779419,False
0.0068081,-0.34876746,-0.3555755593925476,0.3555755593925476,False
0.011295,-0.46626803,-0.47756303278923035,0.47756303278923035,False
0.054091,-1.2713076,-1.3253985876235963,1.3253985876235963,False
0.0092725,-0.9233389,-0.9326113900756836,0.9326113900756836,False
0.0086382,1.0266817,1.018043461605835,1.018043461605835,False
0.038086,-1.31409,-1.3521760135040284,1.3521760135040284,False
0.0091612,-2.8775578,-2.8867189545166014,2.8867189545166014,True
0.0098202,1.117634,1.1078138579986572,1.1078138579986572,False
0.007845,0.83401966,0.826174660949707,0.826174660949707,False
0.007093,0.73646283,0.7293698314971924,0.7293698314971924,False
0.019119,-0.3236475,-0.34276649908447265,0.34276649908447265,False
0.014326,1.4111881,1.3968621256103515,1.3968621256103515,False
0.0077489,0.6609898,0.6532409209571839,0.6532409209571839,False
0.029019,-0.13287824,-0.16189724392318725,0.16189724392318725,False
0.027992,-1.6556911,-1.683683146850586,1.683683146850586,False
0.0092317,-1.3965724,-1.4058040514556884,1.4058040514556884,False
0.011229,1.2728546,1.2616255665740967,1.2616255665740967,False
0.0091508,-0.8729901,-0.8821408717735291,0.8821408717735291,False
0.010155,-0.36869866,-0.3788536565589905,0.3788536565589905,False
0.0095133,-0.5560498,-0.5655631237609863,0.5655631237609863,False
0.028685,-1.5819463,-1.6106312537765504,1.6106312537765504,False
0.016101,-3.2338915,-3.249992487121582,3.249992487121582,True
0.0098964,-0.005590439,-0.015486838842773437,0.015486838842773437,False
0.0090857,-1.3604951,-1.3695807904846191,1.3695807904846191,False
0.015748,-0.51146376,-0.5272117613296509,0.5272117613296509,False
0.014663,-1.9464134,-1.9610763977890016,1.9610763977890016,True
0.025958,-0.7425431,-0.76850110131073,0.76850110131073,False
0.0082915,-0.63015985,-0.638451354888916,0.638451354888916,False
0.0088819,-0.32005936,-0.3289412590736389,0.3289412590736389,False
0.0086919,-1.0649874,-1.0736793210357667,1.0736793210357667,False
0.009561,-1.3017406,-1.3113016463623046,1.3113016463623046,False
0.030578,-1.0073378,-1.0379158086090088,1.0379158086090088,False
0.0087896,-0.7445535,-0.7533431063743591,0.7533431063743591,False
0.041086,-2.7935119,-2.8345978675231933,2.8345978675231933,True
0.0075022,-1.6280514,-1.6355536001846314,1.6355536001846314,False
0.021334,-0.10905115,-0.1303851530637741,0.1303851530637741,False
0.0099685,-1.3540959,-1.3640644358215332,1.3640644358215332,False
0.0080982,-1.3266757,-1.3347738534576417,1.3347738534576417,False
0.026205,-1.3698764,-1.3960813847351075,1.3960813847351075,False
0.0077023,-2.6856277,-2.6933299988983155,2.6933299988983155,True
0.0092733,-0.027644932,-0.03691823227005005,0.03691823227005005,False
1.0266,-0.36791676,-1.3945167628288269,1.3945167628288269,False
0.007992,-1.4244483,-1.4324402517242432,1.4324402517242432,False
0.0085637,-0.9871716,-0.9957352903282165,0.9957352903282165,False
0.013623,-2.7919261,-2.805549145553589,2.805549145553589,True
0.012512,-0.6260029,-0.6385149077529907,0.6385149077529907,False
0.040848,-0.86894023,-0.9097882341842651,0.9097882341842651,False
0.0082802,-0.6746545,-0.682934683795166,0.682934683795166,False
0.031901,-0.28980926,-0.3217102567920685,0.3217102567920685,False
0.01738,-0.9730791,-0.9904590853500366,0.9904590853500366,False
0.011867,-1.2819247,-1.2937917245788575,1.2937917245788575,False
0.0099165,-1.9810545,-1.9909710444488526,1.9909710444488526,True
0.0087667,-1.0146525,-1.0234191906158447,1.0234191906158447,False
0.0096165,-1.1320368,-1.141653305152893,1.141653305152893,False
0.0098845,-0.6447753,-0.6546597714157104,0.6546597714157104,False
0.009688,-0.6728224,-0.6825104158287049,0.6825104158287049,False
0.057542,-1.4682673,-1.5258093215866089,1.5258093215866089,False
0.017003,-0.9848823,-1.0018852951316835,1.0018852951316835,False
0.0085731,-1.1357255,-1.144298598199463,1.144298598199463,False
0.0092808,-1.3553423,-1.3646230689437866,1.3646230689437866,False
0.0072984,1.3101227,1.3028243283477783,1.3028243283477783,False
0.013055,-1.1318264,-1.144881400756836,1.144881400756836,False
0.061659,1.0643544,1.002695419708252,1.002695419708252,False
0.014181,-0.9477548,-0.9619358003196716,0.9619358003196716,False
0.0094158,-0.017478384,-0.026894184077548983,0.026894184077548983,False
0.018732,-2.8983645,-2.917096543914795,2.917096543914795,True
0.01905,-2.009952,-2.0290020683288574,2.0290020683288574,True
0.0081217,-0.6996701,-0.7077917763702393,0.7077917763702393,False
0.0098972,-2.5982492,-2.6081463970062257,2.6081463970062257,True
0.013158,-0.440511,-0.45366898823547364,0.45366898823547364,False
1.0982,-0.4735937,-1.5717937118530274,1.5717937118530274,False
0.016917,-1.7675719,-1.7844889261169434,1.7844889261169434,True
0.008691,-1.103754,-1.1124450435791016,1.1124450435791016,False
0.0085549,-0.47517425,-0.48372914821853635,0.48372914821853635,False
0.012912,-0.8450639,-0.8579759247894287,0.8579759247894287,False
0.0089913,-1.9336545,-1.9426458467376708,1.9426458467376708,True
0.021082,-2.5686345,-2.589716510040283,2.589716510040283,True
0.0087283,-1.5678711,-1.57659939375,1.57659939375,False
0.0072487,-0.6003721,-0.6076207760345459,0.6076207760345459,False
0.011414,-0.41881847,-0.43023247381591795,0.43023247381591795,False
0.0077936,0.9155818,0.9077882223953248,0.9077882223953248,False
0.0094429,1.0555706,1.0461277024169922,1.0461277024169922,False
0.0089361,0.50367063,0.4947345328392029,0.4947345328392029,False
0.011744,0.3295995,0.31785549970245364,0.31785549970245364,False
0.010365,-1.5167207,-1.5270856525802612,1.5270856525802612,False
0.012434,0.41502997,0.40259597279167175,0.40259597279167175,False
0.013063,-0.9148073,-0.9278703196411133,0.9278703196411133,False
0.01503,-2.0030851,-2.018115136413574,2.018115136413574,True
0.012283,9.834766e-06,-0.012273165233612061,0.012273165233612061,False
0.0090801,-0.15938634,-0.1684664368034363,0.1684664368034363,False
0.0078349,0.599676,0.5918411129928589,0.5918411129928589,False
0.011435,-1.1591089,-1.170543877182007,1.170543877182007,False
0.0082465,0.044105887,0.0358593874130249,0.0358593874130249,False
0.032604,-0.25196788,-0.28457187714958193,0.28457187714958193,False
0.019673,-0.45467862,-0.47435162486839294,0.47435162486839294,False
0.0078918,-0.82890046,-0.8367922564285278,0.8367922564285278,False
0.0086569,0.24297991,0.23432301394996644,0.23432301394996644,False
0.0079861,-0.4258322,-0.43381831197128295,0.43381831197128295,False
0.018853,0.40885764,0.39000464360427856,0.39000464360427856,False
0.0085804,0.52326906,0.5146886572738647,0.5146886572738647,False
0.0095599,1.3779901,1.3684302266098023,1.3684302266098023,False
0.017613,-1.2776735,-1.2952864828948976,1.2952864828948976,False
0.0073659,0.38503677,0.37767086652908327,0.37767086652908327,False
0.0078797,1.6264999,1.618620191281128,1.618620191281128,False
0.012884,0.5093531,0.4964691012535095,0.4964691012535095,False
0.016715,-0.549588,-0.5663030246162415,0.5663030246162415,False
0.028413,-0.018982828,-0.04739582766342163,0.04739582766342163,False
0.0091132,0.13724118,0.1281279847114563,0.1281279847114563,False
0.0083867,-0.39753103,-0.4059177325622559,0.4059177325622559,False
0.0092482,-1.7095257,-1.7187739043838501,1.7187739043838501,False
0.011804,-0.2605821,-0.2723860894241333,0.2723860894241333,False
0.0081695,-0.77037513,-0.77854463256073,0.77854463256073,False
0.014946,1.27777,1.2628240424194337,1.2628240424194337,False
0.047854,-0.16338229,-0.21123629179382325,0.21123629179382325,False
0.019262,-0.3614142,-0.38067619410705567,0.38067619410705567,False
0.0073607,-0.4454723,-0.4528330000526428,0.4528330000526428,False
0.020871,-0.1331957,-0.154066698261261,0.154066698261261,False
0.0106,0.44597787,0.4353778666496277,0.4353778666496277,False
0.018266,-0.44785857,-0.4661245720062256,0.4661245720062256,False
0.049842,0.8915179,0.8416758775787354,0.8416758775787354,False
0.0098122,1.4937246,1.4839123845794677,1.4839123845794677,False
0.0091214,0.010034263,0.0009128631340026856,0.0009128631340026856,False
0.0083374,-1.0864966,-1.0948339915679932,1.0948339915679932,False
0.017196,-0.43544084,-0.45263683833694457,0.45263683833694457,False
0.0090701,-2.018725,-2.0277950183654787,2.0277950183654787,True
0.0075209,0.15745169,0.14993078924331665,0.14993078924331665,False
0.0095262,0.118358254,0.10883205443267822,0.10883205443267822,False
0.0090827,0.44457078,0.43548807980041504,0.43548807980041504,False
0.017106,-1.3434758,-1.3605818186340333,1.3605818186340333,False
0.016948,-0.0121575,-0.02910549979019165,0.02910549979019165,False
0.0085161,-2.1552098,-2.16372587973938,2.16372587973938,True
0.0088995,-0.6087159,-0.6176153918380737,0.6176153918380737,False
0.025238,-2.0247035,-2.049941502655029,2.049941502655029,True
0.010985,-0.868517,-0.8795019816017151,0.8795019816017151,False
0.014191,-0.16852862,-0.18271961642837525,0.18271961642837525,False
0.046148,-1.2317644,-1.2779124357681275,1.2779124357681275,False
0.0079799,-0.9923779,-1.0003577772354126,1.0003577772354126,False
0.0086243,-0.47120297,-0.4798272695510864,0.4798272695510864,False
0.011342,-0.9065701,-0.9179120769424438,0.9179120769424438,False
0.0093824,-1.8827422,-1.892124566519165,1.892124566519165,True
0.011096,-0.6102796,-0.6213756196937561,0.6213756196937561,False
0.0073558,-0.35751063,-0.3648664263160706,0.3648664263160706,False
0.015394,-0.17792717,-0.193321166223526,0.193321166223526,False
0.016339,-0.66005945,-0.6763984520568848,0.6763984520568848,False
0.0076162,0.115473986,0.10785778567199707,0.10785778567199707,False
0.019069,-1.7324965,-1.7515655000152588,1.7515655000152588,False
0.0092869,0.026059896,0.016772995753860473,0.016772995753860473,False
0.0095378,0.02278459,0.01324679072113037,0.01324679072113037,False
0.0095517,-0.61474663,-0.624298330191803,0.624298330191803,False
0.0091172,-0.88612676,-0.8952439566680909,0.8952439566680909,False
0.017449,0.014775261,-0.002673738717079162,0.002673738717079162,False
0.0119,0.74711514,0.7352151351928711,0.7352151351928711,False
0.020977,-0.8934204,-0.9143973982353211,0.9143973982353211,False
0.0097728,-0.53066313,-0.5404359326675415,0.5404359326675415,False
0.0085958,-0.20581701,-0.21441281397895812,0.21441281397895812,False
0.0091188,-0.72727895,-0.7363977478302002,0.7363977478302002,False
0.0079704,0.52995574,0.5219853447433471,0.5219853447433471,False
0.0086428,-0.45055956,-0.4592023564842224,0.4592023564842224,False
0.012773,0.28612155,0.2733485472221375,0.2733485472221375,False
0.0084352,-1.1944997,-1.2029349310638429,1.2029349310638429,False
0.0098075,-2.4948292,-2.5046366778564453,2.5046366778564453,True
0.0098971,-1.3460386,-1.355935679940796,1.355935679940796,False
0.0082229,0.41722018,0.4089972752662659,0.4089972752662659,False
0.011935,-0.99950004,-1.011435036239624,1.011435036239624,False
0.0096974,0.10544646,0.09574905786285401,0.09574905786285401,False
0.0096099,1.2992128,1.2896029133773803,1.2896029133773803,False
0.0095075,-1.0021523,-1.0116598237228394,1.0116598237228394,False
0.0080773,-1.6291225,-1.6371997956512452,1.6371997956512452,False
0.0089454,-1.8466357,-1.8555810992721558,1.8555810992721558,True
0.019448,-1.2220981,-1.2415461121063232,1.2415461121063232,False
0.0085362,-0.7619368,-0.7704729837905884,0.7704729837905884,False
0.017146,-1.5866191,-1.6037651387176515,1.6037651387176515,False
0.0081371,-0.24918038,-0.2573174765296936,0.2573174765296936,False
0.027238,-1.0001924,-1.027430403793335,1.027430403793335,False
0.0069533,-0.6943626,-0.7013158807762147,0.7013158807762147,False
0.025989,-0.79816055,-0.8241495529785157,0.8241495529785157,False
0.027397,0.5209516,0.49355462868499755,0.49355462868499755,False
0.009716,1.3774155,1.3676995378341674,1.3676995378341674,False
0.011575,0.13129848,0.1197234824180603,0.1197234824180603,False
0.017353,-0.3079811,-0.32533410365867615,0.32533410365867615,False
0.0088316,0.29467776,0.2858461641773224,0.2858461641773224,False
0.0093198,-0.071125716,-0.08044551597099305,0.08044551597099305,False
0.0098839,0.09865284,0.08876893966064453,0.08876893966064453,False
0.0094196,0.29273403,0.28331442690887454,0.28331442690887454,False
0.0094185,0.07256496,0.06314645952606202,0.06314645952606202,False
0.016293,0.06756526,0.05127226231765747,0.05127226231765747,False
0.011762,0.54079354,0.5290315380935668,0.5290315380935668,False
0.017156,1.6258903,1.6087342549743653,1.6087342549743653,False
0.0061248,-0.28544468,-0.2915694768760681,0.2915694768760681,False
0.0081985,-0.8240017,-0.8322002294883728,0.8322002294883728,False
0.0073165,1.6443075,1.6369909941635132,1.6369909941635132,False
0.0092615,0.1956979,0.18643640363311767,0.18643640363311767,False
0.0077951,-0.99520046,-1.0029955551887513,1.0029955551887513,False
0.008522,0.47582147,0.46729946525383,0.46729946525383,False
0.018196,-2.8143811,-2.8325771225891114,2.8325771225891114,True
0.0090008,0.69536936,0.6863685628311157,0.6863685628311157,False
0.0095066,1.0455799,1.0360733102783204,1.0360733102783204,False
0.0078228,0.58719814,0.5793753382369995,0.5793753382369995,False
0.020127,1.3423094,1.3221823557357788,1.3221823557357788,False
0.0093531,0.07757795,0.06822484857025146,0.06822484857025146,False
0.008617,1.1385965,1.1299795347290038,1.1299795347290038,False
0.0094131,0.7886351,0.7792219750923157,0.7792219750923157,False
0.0099599,-0.21872663,-0.22868653497924804,0.22868653497924804,False
0.018001,0.8909672,0.8729661902656555,0.8729661902656555,False
0.0089496,-0.42548466,-0.43443425728759766,0.43443425728759766,False
0.0096063,1.4483044,1.4386981147491456,1.4386981147491456,False
0.013255,-0.12816936,-0.14142435777664183,0.14142435777664183,False
0.062139,0.9457618,0.883622799812317,0.883622799812317,False
0.0077982,0.8541403,0.8463420816772461,0.8463420816772461,False
0.009532,-0.016139954,-0.025671954328536986,0.025671954328536986,False
0.0089828,-1.5910591,-1.6000418887069703,1.6000418887069703,False
0.0076302,-2.1005137,-2.108143896670532,2.108143896670532,True
0.0334,-1.3858335,-1.419233501815796,1.419233501815796,False
0.020623,-0.50992143,-0.5305444315414428,0.5305444315414428,False
0.0079951,-0.8920003,-0.8999954175735474,0.8999954175735474,False
0.014615,-0.5712359,-0.5858508951568604,0.5858508951568604,False
0.012254,-2.0319338,-2.0441877844848633,2.0441877844848633,True
0.0089659,-0.5501258,-0.559091677721405,0.559091677721405,False
0.0088241,-0.2158603,-0.2246844072166443,0.2246844072166443,False
0.0073852,-0.48101413,-0.4883993324996948,0.4883993324996948,False
0.0079914,-1.0993325,-1.1073238518203736,1.1073238518203736,False
0.0083282,-0.68064207,-0.6889702683860779,0.6889702683860779,False
0.013203,-2.390173,-2.4033759583740233,2.4033759583740233,True
0.011024,-0.73409176,-0.7451157587280274,0.7451157587280274,False
0.0072537,-0.067192316,-0.07444601605529785,0.07444601605529785,False
0.0087526,0.18778047,0.1790278696559906,0.1790278696559906,False
0.0079589,-1.6242795,-1.632238399053955,1.632238399053955,False
0.008072,-0.27407652,-0.282148521396637,0.282148521396637,False
0.007483,-1.425079,-1.4325619880752563,1.4325619880752563,False
0.007867,0.15496588,0.14709887753295897,0.14709887753295897,False
0.01113,0.2909174,0.2797873965454102,0.2797873965454102,False
0.046588,-1.5834076,-1.6299956404571534,1.6299956404571534,False
0.0070125,-1.4461805,-1.4531929628372193,1.4531929628372193,False
0.015082,-0.63202333,-0.6471053345031739,0.6471053345031739,False
0.015702,-2.2636163,-2.2793183234710694,2.2793183234710694,True
0.034595,0.94911224,0.9145172364997863,0.9145172364997863,False
0.0096758,-0.8861033,-0.8957790724380493,0.8957790724380493,False
0.017111,0.054987192,0.03787619215393066,0.03787619215393066,False
0.0087677,-1.1592547,-1.1680223701431274,1.1680223701431274,False
0.0083776,-0.85756934,-0.8659469368911743,0.8659469368911743,False
0.056679,-1.2105869,-1.267265905479431,1.267265905479431,False
0.0088142,-0.9260394,-0.9348535977165222,0.9348535977165222,False
0.012508,-1.1505506,-1.1630586038665771,1.1630586038665771,False
0.0082635,-1.8763729,-1.8846364333877563,1.8846364333877563,True
0.034868,-0.15882957,-0.19369756981658937,0.19369756981658937,False
0.0078965,-1.7403253,-1.7482218316879272,1.7482218316879272,False
0.008813,-2.3573508,-2.3661638262634277,2.3661638262634277,True
0.0094739,-2.4203365,-2.4298103849090578,2.4298103849090578,True
0.0097564,-0.8428601,-0.8526165026535034,0.8526165026535034,False
0.0090548,-1.1902863,-1.1993410787246703,1.1993410787246703,False
0.056253,-0.2914989,-0.34775189945983886,0.34775189945983886,False
0.0098674,-1.3415447,-1.3514121473526002,1.3514121473526002,False
0.0099317,-1.4640236,-1.4739552900878907,1.4739552900878907,False
0.009799,-1.3676959,-1.377494927619934,1.377494927619934,False
0.037236,-0.9087081,-0.9459440955505372,0.9459440955505372,False
0.016809,0.6315017,0.6146926746520996,0.6146926746520996,False
0.0081385,-1.2124548,-1.2205932958374024,1.2205932958374024,False
0.0091496,-0.41089496,-0.4200445601650238,0.4200445601650238,False
0.012797,0.30738235,0.29458534519958496,0.29458534519958496,False
0.064579,-1.1190392,-1.1836181778945922,1.1836181778945922,False
0.041944,-0.83334315,-0.8752871482315063,0.8752871482315063,False
0.046344,-0.43027943,-0.4766234337272644,0.4766234337272644,False
0.022925,-1.5466732,-1.5695981786727906,1.5695981786727906,False
0.010887,-0.58219063,-0.5930776328201294,0.5930776328201294,False
0.018234,-1.011976,-1.0302100036468507,1.0302100036468507,False
0.018033,-0.3633143,-0.381347300775528,0.381347300775528,False
0.010962,-0.88979554,-0.9007575417633057,0.9007575417633057,False
0.0082887,-0.30611515,-0.31440385045166014,0.31440385045166014,False
0.010009,0.3609686,0.35095958978271485,0.35095958978271485,False
0.010936,-0.19943175,-0.21036774719810486,0.21036774719810486,False
0.013012,-3.8629417,-3.875953741943359,3.875953741943359,True
0.0095671,0.32469666,0.3151295600418091,0.3151295600418091,False
0.038204,-1.6988261,-1.7370300746002196,1.7370300746002196,False
0.0098118,-1.5859646,-1.595776360508728,1.595776360508728,False
0.0087084,-1.0356226,-1.0443309967407226,1.0443309967407226,False
0.019117,-1.0942731,-1.1133900903625489,1.1133900903625489,False
0.0091383,-1.1213534,-1.1304916878326416,1.1304916878326416,False
0.0089988,-0.3184238,-0.32742260762100217,0.32742260762100217,False
0.026867,-0.46943268,-0.4962996817989349,0.4962996817989349,False
0.0090629,-0.09286739,-0.10193028932132721,0.10193028932132721,False
0.0091811,-2.1726668,-2.1818478881011965,2.1818478881011965,True
0.02034,-1.8048145,-1.8251544578933716,1.8251544578933716,True
0.0081434,-0.74187803,-0.7500214326843262,0.7500214326843262,False
0.0127,-0.60843724,-0.6211372401237488,0.6211372401237488,False
0.0093134,0.90417576,0.8948623583618164,0.8948623583618164,False
0.0075705,-1.0049794,-1.012549872024536,1.012549872024536,False
0.0096069,-0.5447734,-0.5543802998298645,0.5543802998298645,False
0.0083882,-1.5485623,-1.5569504882843017,1.5569504882843017,False
0.018621,-0.7952346,-0.8138556205711365,0.8138556205711365,False
0.0084879,-1.0613939,-1.0698817570022583,1.0698817570022583,False
0.0095197,-0.9932359,-1.0027555860969544,1.0027555860969544,False
0.0098005,-1.0856056,-1.0954061213378907,1.0954061213378907,False
0.0087241,-0.012178063,-0.02090216339263916,0.02090216339263916,False
0.0089831,-1.2029887,-1.2119718437820435,1.2119718437820435,False
0.0078853,-0.6474933,-0.655378602822113,0.655378602822113,False
0.0085414,-1.0592755,-1.0678169079269408,1.0678169079269408,False
0.0085526,-1.3000535,-1.3086060772872925,1.3086060772872925,False
0.021168,-0.17556186,-0.19672986020374297,0.19672986020374297,False
0.017249,-0.16099471,-0.17824370853805543,0.17824370853805543,False
0.010777,0.5573871,0.546610113571167,0.546610113571167,False
0.021667,-0.7448643,-0.766531284992218,0.766531284992218,False
0.0095902,-0.02169609,-0.03128629069824219,0.03128629069824219,False
0.0066615,-1.074079,-1.0807405367126466,1.0807405367126466,False
0.011572,-1.3488538,-1.360425826522827,1.360425826522827,False
0.0083137,-0.36837697,-0.3766906702911377,0.3766906702911377,False
0.0073375,-1.2513237,-1.2586611999511719,1.2586611999511719,False
0.007654,0.1981912,0.19053719572639466,0.19053719572639466,False
0.014583,0.23236156,0.2177785550994873,0.2177785550994873,False
0.0088685,-0.382669,-0.39153750181770325,0.39153750181770325,False
0.01648,1.213315,1.1968350100708007,1.1968350100708007,False
0.0073343,-2.031702,-2.0390363416259767,2.0390363416259767,True
0.0089979,-0.8741929,-0.8831907935050964,0.8831907935050964,False
0.008612,1.2323992,1.2237872252349853,1.2237872252349853,False
0.0082774,-0.34550005,-0.35377745197525023,0.35377745197525023,False
0.009267,-1.0467802,-1.056047228614807,1.056047228614807,False
0.016186,-0.5956533,-0.6118392955169678,0.6118392955169678,False
0.0072776,0.79534143,0.788063832094574,0.788063832094574,False
0.0084817,-1.4314668,-1.4399485178558349,1.4399485178558349,False
0.010739,-0.5206875,-0.5314265205039979,0.5314265205039979,False
0.0068521,-1.0849476,-1.0917996860595702,1.0917996860595702,False
0.010213,-0.5218346,-0.5320476118927002,0.5320476118927002,False
0.0072423,-1.3144104,-1.3216527480743407,1.3216527480743407,False
0.011401,0.6210073,0.6096063232650757,0.6096063232650757,False
0.01583,-1.1641226,-1.1799525814819336,1.1799525814819336,False
0.0075627,-0.31800216,-0.32556486436386106,0.32556486436386106,False
0.061751,1.8449895,1.783238538192749,1.783238538192749,True
0.013088,0.19937277,0.18628476840209962,0.18628476840209962,False
0.0070865,0.838446,0.8313595210800171,0.8313595210800171,False
0.013747,0.026984334,0.013237333992004394,0.013237333992004394,False
0.0075043,-0.77686495,-0.7843692458885193,0.7843692458885193,False
0.013205,0.012279868,-0.0009251318740844724,0.0009251318740844724,False
0.01403,0.6255997,0.6115696823310852,0.6115696823310852,False
0.0099018,0.75110614,0.7412043429977417,0.7412043429977417,False
0.0091126,-1.0615228,-1.0706354414535522,1.0706354414535522,False
0.0079617,0.18598157,0.17801987167434694,0.17801987167434694,False
0.010948,0.16516542,0.15421742434692381,0.15421742434692381,False
0.0084549,-0.7119986,-0.7204534818862915,0.7204534818862915,False
0.81436,0.20225172,-0.6121082825517654,0.6121082825517654,False
0.01799,-1.5695184,-1.5875084469223022,1.5875084469223022,False
0.0078683,-0.9151753,-0.9230436187179566,0.9230436187179566,False
0.015044,0.332179,0.3171350099143982,0.3171350099143982,False
0.0090516,0.40897402,0.3999224216732025,0.3999224216732025,False
0.0084521,-1.111017,-1.1194690887542724,1.1194690887542724,False
0.019778,-0.25957775,-0.279355751159668,0.279355751159668,False
0.012379,-0.70301545,-0.7153944466629029,0.7153944466629029,False
0.0092364,-0.43502635,-0.4442627476371765,0.4442627476371765,False
0.018821,-1.4325539,-1.4513748873672485,1.4513748873672485,False
0.020123,-1.0163527,-1.0364756535034179,1.0364756535034179,False
0.0098724,-1.4118543,-1.4217266671203612,1.4217266671203612,False
0.033607,-1.6156075,-1.6492145000762939,1.6492145000762939,False
0.011021,0.40121645,0.39019544735336303,0.39019544735336303,False
0.0084853,-0.37802327,-0.38650856679229734,0.38650856679229734,False
0.0090471,0.23789424,0.2288471370414734,0.2288471370414734,False
0.87353,-0.84718907,-1.7207190687942506,1.7207190687942506,False
0.0097102,-1.1782002,-1.1879104449035645,1.1879104449035645,False
0.0093312,-2.34573,-2.3550612662994386,2.3550612662994386,True
0.01782,-1.8805705,-1.8983905308914184,1.8983905308914184,True
0.0083816,-1.8939788,-1.9023604341522218,1.9023604341522218,True
0.0092874,-1.1294713,-1.1387587020324708,1.1387587020324708,False
0.012065,-1.817746,-1.8298110432052612,1.8298110432052612,True
0.0070921,-1.136609,-1.1437010582443237,1.1437010582443237,False
0.009494,-1.4025763,-1.4120703273239135,1.4120703273239135,False
0.01493,-0.3617788,-0.3767087957191467,0.3767087957191467,False
0.015327,-0.18018949,-0.19551649031829835,0.19551649031829835,False
0.0085143,-0.65604925,-0.6645635515563965,0.6645635515563965,False
0.0079165,-1.0064996,-1.0144161480941774,1.0144161480941774,False
0.019914,-1.5647094,-1.5846234249725342,1.5846234249725342,False
0.0096054,-1.271025,-1.2806303423980714,1.2806303423980714,False
0.98136,-1.3296596,-2.311019581184387,2.311019581184387,True
0.017453,0.05167687,0.03422386939239502,0.03422386939239502,False
0.0098283,-1.0410402,-1.0508684821136474,1.0508684821136474,False
0.0091837,-0.75555336,-0.7647370647537232,0.7647370647537232,False
0.016249,-0.7525904,-0.7688394178619384,0.7688394178619384,False
0.0076095,1.3580956,1.350486145904541,1.350486145904541,False
0.026013,-0.588782,-0.6147950124626159,0.6147950124626159,False
0.0078778,-2.1688702,-2.176748010647583,2.176748010647583,True
0.0097061,-1.9299543,-1.9396603903900147,1.9396603903900147,True
0.0080124,-1.7736628,-1.781675205557251,1.781675205557251,True
0.0088454,-0.5829986,-0.5918439737800598,0.5918439737800598,False
0.0078629,-0.51043093,-0.5182938320449829,0.5182938320449829,False
0.009933,-2.5470707,-2.5570037416534426,2.5570037416534426,True
0.0076513,-1.9809427,-1.988594026135254,1.988594026135254,True
0.0081668,-2.616296,-2.6244628529327394,2.6244628529327394,True
0.0061594,-1.0722952,-1.0784545889038086,1.0784545889038086,False
0.0074776,-0.7764777,-0.7839552945114135,0.7839552945114135,False
0.01334,-1.9779639,-1.991303924407959,1.991303924407959,True
0.0076723,-1.013742,-1.021414270062256,1.021414270062256,False
0.0081762,-1.3404852,-1.3486614151870728,1.3486614151870728,False
0.0095358,-0.897729,-0.9072647795875549,0.9072647795875549,False
0.0069317,-0.8342083,-0.8411400096504211,0.8411400096504211,False
0.029363,-2.795943,-2.825306021774292,2.825306021774292,True
0.01854,-0.93439376,-0.9529337635421753,0.9529337635421753,False
0.0070349,-1.6489339,-1.6559687874816895,1.6559687874816895,False
0.0089869,-2.792221,-2.8012079693359375,2.8012079693359375,True
0.0094192,0.035471313,0.026052112701702115,0.026052112701702115,False
0.0098581,-1.1944743,-1.2043324394851684,1.2043324394851684,False
0.009638,-0.80857724,-0.8182152395133973,0.8182152395133973,False
0.019327,-0.51213026,-0.5314572604675293,0.5314572604675293,False
0.015458,-2.4039207,-2.419378650482178,2.419378650482178,True
0.023983,-0.7869075,-0.8108904940681457,0.8108904940681457,False
0.014805,-1.242996,-1.2578009774017334,1.2578009774017334,False
0.007037,-0.87021756,-0.8772545617218017,0.8772545617218017,False
0.010981,0.03564596,0.02466496176147461,0.02466496176147461,False
0.015584,-1.3041303,-1.3197143157806397,1.3197143157806397,False
0.016629,-0.059461385,-0.07609038501167298,0.07609038501167298,False
0.009045,-0.4190259,-0.42807089797973635,0.42807089797973635,False
0.0095847,-1.5372036,-1.5467882503387451,1.5467882503387451,False
0.013209,-2.8811657,-2.8943747428741453,2.8943747428741453,True
0.0095364,-0.95672274,-0.9662591363586426,0.9662591363586426,False
0.0096043,-1.1527708,-1.1623750576751708,1.1623750576751708,False
0.0093469,-2.233517,-2.2428638315338136,2.2428638315338136,True
0.06853,-0.91775197,-0.9862819679069519,0.9862819679069519,False
0.0095001,-1.385735,-1.3952351349426269,1.3952351349426269,False
0.017542,-0.7323393,-0.749881322566986,0.749881322566986,False
0.0085401,-0.519651,-0.5281910957313538,0.5281910957313538,False
0.0081866,-1.1724864,-1.180673024446106,1.180673024446106,False
0.01066,0.093717635,0.08305763467788696,0.08305763467788696,False
0.013529,-1.2921937,-1.3057226511993407,1.3057226511993407,False
0.011316,0.2601365,0.2488204850997925,0.2488204850997925,False
0.062503,-1.3788834,-1.4413863618164062,1.4413863618164062,False
0.0072359,-1.4086275,-1.4158634100708007,1.4158634100708007,False
0.0085582,-1.3632073,-1.3717655402404785,1.3717655402404785,False
0.0079349,-0.314291,-0.32222590036621096,0.32222590036621096,False
0.0096448,-0.6376637,-0.647308522038269,0.647308522038269,False
0.010515,0.8405347,0.8300196870422363,0.8300196870422363,False
0.0088923,-1.9022452,-1.9111374639175416,1.9111374639175416,True
0.0075966,0.28872633,0.2811297298034668,0.2811297298034668,False
0.0072361,-0.33359182,-0.3408279188095093,0.3408279188095093,False
0.011953,-1.5142606,-1.5262136496810914,1.5262136496810914,False
0.0098812,-1.1204214,-1.1303026096069335,1.1303026096069335,False
0.0086163,-1.3352252,-1.343841524494934,1.343841524494934,False
0.0069123,0.20191988,0.19500758348960875,0.19500758348960875,False
0.0097835,-0.83068514,-0.8404686387023925,0.8404686387023925,False
0.018022,0.0033980012,-0.014623998805999756,0.014623998805999756,False
0.011717,-0.022490352,-0.034207352392196654,0.034207352392196654,False
0.0084774,-0.22281986,-0.23129726474990844,0.23129726474990844,False
0.0096321,-1.5541323,-1.563764442338562,1.563764442338562,False
0.0089531,-0.76913923,-0.7780923302513123,0.7780923302513123,False
0.0098796,-1.9762615,-1.9861410965438844,1.9861410965438844,True
0.036005,-1.3344755,-1.3704805172729493,1.3704805172729493,False
0.0078076,-0.990301,-0.9981086129928589,0.9981086129928589,False
0.028381,-0.82382977,-0.8522107700881958,0.8522107700881958,False
0.011097,0.5301652,0.5190681954650879,0.5190681954650879,False
0.0081742,-0.62184316,-0.630017359198761,0.630017359198761,False
0.00711,-1.6250638,-1.6321737769699096,1.6321737769699096,False
0.011483,-0.98239696,-0.9938799602584839,0.9938799602584839,False
0.0086257,-0.30349073,-0.31211642813987733,0.31211642813987733,False
0.0091729,-0.8335586,-0.8427315190223694,0.8427315190223694,False
0.015535,-2.8024635,-2.8179985314941405,2.8179985314941405,True
0.024435,-0.7131109,-0.7375459237670898,0.7375459237670898,False
0.012103,-1.6707394,-1.6828424123077392,1.6828424123077392,False
0.0082045,-0.7989616,-0.807166079799652,0.807166079799652,False
0.0076707,-0.5036565,-0.5113272065383911,0.5113272065383911,False
0.0094801,0.23029017,0.22081007448425294,0.22081007448425294,False
0.013749,-0.3795951,-0.3933441008796692,0.3933441008796692,False
0.057486,-1.7175506,-1.7750366353378295,1.7750366353378295,True
0.015287,0.4324699,0.41718290442276,0.41718290442276,False
0.015508,-0.15988968,-0.17539768312740325,0.17539768312740325,False
0.01308,-1.3245337,-1.3376137009429931,1.3376137009429931,False
0.0098027,-0.7466744,-0.7564771184494019,0.7564771184494019,False
0.0074512,-1.9146688,-1.9221199984466553,1.9221199984466553,True
0.00946,-0.72575206,-0.735212055644989,0.735212055644989,False
0.0091985,-1.0543764,-1.0635748637542726,1.0635748637542726,False
0.0086473,-1.6067897,-1.6154370081375122,1.6154370081375122,False
0.010727,-2.3131323,-2.3238592860717775,2.3238592860717775,True
0.010691,0.33129376,0.3206027617301941,0.3206027617301941,False
0.0097321,-0.1987859,-0.2085180010696411,0.2085180010696411,False
0.0080703,-0.49223244,-0.5003027419021606,0.5003027419021606,False
0.023743,-1.006172,-1.0299149417572022,1.0299149417572022,False
0.016804,0.69435126,0.6775472558937072,0.6775472558937072,False
0.020916,-1.2222259,-1.2431419044647216,1.2431419044647216,False
0.0070284,-1.3956034,-1.4026318183502198,1.4026318183502198,False
0.0072129,-1.181786,-1.1889988411239625,1.1889988411239625,False
0.0088934,-0.37867242,-0.38756582097854614,0.38756582097854614,False
0.011816,-1.4453607,-1.4571766605529786,1.4571766605529786,False
0.077738,-1.0986269,-1.1763648520355225,1.1763648520355225,False
0.0072148,-0.757455,-0.7646697913406372,0.7646697913406372,False
0.0067706,-0.09852907,-0.10529967061576843,0.10529967061576843,False
0.036504,-0.60774803,-0.6442520316162109,0.6442520316162109,False
0.0069934,-0.5419448,-0.5489382018074036,0.5489382018074036,False
0.0076909,0.9617019,0.9540110295692444,0.9540110295692444,False
0.027935,-1.1144662,-1.1424011903381348,1.1424011903381348,False
0.0098052,-1.2850182,-1.2948234056427002,1.2948234056427002,False
0.00792,-0.80531085,-0.8132308453750611,0.8132308453750611,False
0.0080339,0.20641983,0.19838592555389403,0.19838592555389403,False
0.017291,0.20096326,0.18367225874328613,0.18367225874328613,False
0.0070501,-1.2184815,-1.2255316406799317,1.2255316406799317,False
0.014995,0.4012316,0.386236586933136,0.386236586933136,False
0.0086008,-1.5658343,-1.5744350838287353,1.5744350838287353,False
0.01388,-0.95062506,-0.9645050619888306,0.9645050619888306,False
0.0075587,-1.1741397,-1.1816984380828857,1.1816984380828857,False
0.012438,-0.2639273,-0.27636531070518494,0.27636531070518494,False
0.0084491,-1.1246042,-1.1330533251586914,1.1330533251586914,False
0.028442,-1.1046042,-1.1330462442321778,1.1330462442321778,False
0.042793,-0.10526276,-0.14805575634765625,0.14805575634765625,False
0.013716,-0.9022738,-0.9159897741470336,0.9159897741470336,False
0.03042,-1.1271503,-1.1575702971649169,1.1575702971649169,False
0.0066152,-0.7804925,-0.7871076845695496,0.7871076845695496,False
0.0078351,-0.53465706,-0.5424921611000061,0.5424921611000061,False
0.011778,-0.051008314,-0.06278631389427185,0.06278631389427185,False
0.0092054,-0.7111465,-0.7203518738845825,0.7203518738845825,False
0.013526,-0.20607334,-0.2195993437538147,0.2195993437538147,False
0.0065802,-0.23211259,-0.2386927864982605,0.2386927864982605,False
0.019714,-2.2365746,-2.256288649810791,2.256288649810791,True
0.010908,-0.490176,-0.5010839922504425,0.5010839922504425,False
0.0092184,-0.11585915,-0.12507755088653563,0.12507755088653563,False
0.015025,0.22975308,0.21472807703018187,0.21472807703018187,False
0.012726,-1.229838,-1.2425640136489868,1.2425640136489868,False
0.023557,1.1275066,1.1039496137313842,1.1039496137313842,False
0.0099631,-0.7928647,-0.8028277802902222,0.8028277802902222,False
0.018958,-0.7145114,-0.7334693945007325,0.7334693945007325,False
0.013771,-0.81240773,-0.8261787320098877,0.8261787320098877,False
0.0095432,-0.57703936,-0.586582561000061,0.586582561000061,False
0.0098851,0.0037211776,-0.006163922422027589,0.006163922422027589,False
0.0085029,-2.2939475,-2.302450358267212,2.302450358267212,True
0.011796,-0.2274586,-0.23925459622955322,0.23925459622955322,False
0.024731,0.22007346,0.19534246153259277,0.19534246153259277,False
0.017985,-0.050872713,-0.06885771332740784,0.06885771332740784,False
0.0089865,-0.10513282,-0.11411931822204589,0.11411931822204589,False
0.0089453,-0.965721,-0.9746663111618042,0.9746663111618042,False
0.0077636,-0.3326983,-0.3404618855796814,0.3404618855796814,False
0.011419,1.282594,1.2711749655303954,1.2711749655303954,False
0.0098042,-0.10256332,-0.11236752159042358,0.11236752159042358,False
0.0089245,-0.4782431,-0.4871676125640869,0.4871676125640869,False
0.011214,-0.8679479,-0.8791618764533996,0.8791618764533996,False
0.065814,-0.21724069,-0.28305469118499754,0.28305469118499754,False
0.014968,-0.47103986,-0.48600786144065855,0.48600786144065855,False
0.049361,-1.1249646,-1.1743255948410034,1.1743255948410034,False
0.0092521,-2.709364,-2.7186160373779296,2.7186160373779296,True
0.0091008,-1.0861783,-1.0952791027648925,1.0952791027648925,False
0.0097595,-0.4481262,-0.45788569686126707,0.45788569686126707,False
0.0080032,-0.5614301,-0.5694332966262817,0.5694332966262817,False
0.0067816,-1.2970612,-1.3038428049102784,1.3038428049102784,False
0.012584,0.26838446,0.2558004566345215,0.2558004566345215,False
0.015358,-1.1068642,-1.1222222139434814,1.1222222139434814,False
0.033788,-3.0483723,-3.0821602686767577,3.0821602686767577,True
0.013867,-0.27925682,-0.29312382067871096,0.29312382067871096,False
0.0089482,-2.7428813,-2.7518294980651854,2.7518294980651854,True
0.017328,0.4184447,0.4011166930885315,0.4011166930885315,False
0.0084627,-2.7099104,-2.7183730927612304,2.7183730927612304,True
0.0088516,-1.3948935,-1.403745127030945,1.403745127030945,False
0.013204,-2.0479739,-2.061177871231079,2.061177871231079,True
0.028077,-1.8688267,-1.8969037469406127,1.8969037469406127,True
0.0080817,-2.5179973,-2.5260789648620605,2.5260789648620605,True
0.015662,-1.4416674,-1.4573294375534058,1.4573294375534058,False
0.029201,-0.4735061,-0.5027070930252076,0.5027070930252076,False
0.012387,-1.7126448,-1.7250318154449462,1.7250318154449462,False
0.074855,-3.3466053,-3.42146030090332,3.42146030090332,True
1.0597,-0.4979118,-1.557611810874939,1.557611810874939,False
0.011911,-1.805282,-1.8171929967269898,1.8171929967269898,True
0.018798,-2.5433097,-2.562107688568115,2.562107688568115,True
0.0082642,-0.5655459,-0.573810116557312,0.573810116557312,False
1.0842,-0.5712655,-1.6554655186653138,1.6554655186653138,False
0.063245,-0.6179303,-0.6811752930831909,0.6811752930831909,False
0.036034,-1.3690172,-1.4050512433853148,1.4050512433853148,False
0.0089126,-2.128907,-2.1378195652557372,2.1378195652557372,True
0.0075115,0.42903003,0.42151853096580505,0.42151853096580505,False
0.013695,-1.2580698,-1.2717647536468506,1.2717647536468506,False
0.0097896,-1.983581,-1.9933705469223022,1.9933705469223022,True
0.0094143,-1.3382602,-1.3476744737976074,1.3476744737976074,False
0.01044,0.36392742,0.35348742395401,0.35348742395401,False
0.0078795,-1.9394162,-1.9472956701202393,1.9472956701202393,True
0.0070357,-2.576086,-2.5831217443115233,2.5831217443115233,True
0.023016,0.52312696,0.5001109598007202,0.5001109598007202,False
0.010629,0.13995981,0.12933081216430664,0.12933081216430664,False
0.014793,-0.9871609,-1.0019539210968018,1.0019539210968018,False
0.016368,-1.0940506,-1.110418645828247,1.110418645828247,False
0.0095156,-0.05714369,-0.0666592882019043,0.0666592882019043,False
0.0083684,0.38503933,0.3766709295288086,0.3766709295288086,False
0.0089416,-0.557329,-0.566270599042511,0.566270599042511,False
0.0084446,-0.46298537,-0.4714299665828705,0.4714299665828705,False
0.012769,-0.07385874,-0.08662773794555664,0.08662773794555664,False
0.0084982,-1.3233293,-1.3318275294906616,1.3318275294906616,False
0.015503,-1.7901553,-1.805658291557312,1.805658291557312,True
0.0098732,-2.0672815,-2.0771546846038818,2.0771546846038818,True
0.012862,-0.20384389,-0.216705891620636,0.216705891620636,False
0.0089242,0.29502904,0.28610484415130616,0.28610484415130616,False
0.0089125,-0.7765883,-0.7855008207321167,0.7855008207321167,False
0.0079176,-1.0520335,-1.059951143586731,1.059951143586731,False
0.0079845,1.2755704,1.2675858926086425,1.2675858926086425,False
0.0083913,-0.40857676,-0.4169680567157745,0.4169680567157745,False
0.057139,0.5459931,0.4888540896759033,0.4888540896759033,False
0.008542,-0.87047815,-0.8790201532287598,0.8790201532287598,False
0.017082,-1.5527414,-1.5698234083480835,1.5698234083480835,False
0.0074671,-1.0520335,-1.059500643586731,1.059500643586731,False
0.015477,-0.10420871,-0.11968570780944825,0.11968570780944825,False
0.062568,-1.1561937,-1.218761733215332,1.218761733215332,False
0.018788,-0.87026906,-0.8890570601348877,0.8890570601348877,False
1.6309,-0.5144303,-2.145330284500122,2.145330284500122,True
0.011277,-2.6161501,-2.6274271407623293,2.6274271407623293,True
0.012598,-0.7390926,-0.7516905884246826,0.7516905884246826,False
0.0089614,0.90413994,0.8951785359703064,0.8951785359703064,False
0.014905,-0.3472002,-0.3621052148628235,0.3621052148628235,False
0.010905,-0.5015499,-0.5124548995780945,0.5124548995780945,False
0.0075727,-0.039925516,-0.04749821565170288,0.04749821565170288,False
0.0093926,-1.9219418,-1.9313343572021484,1.9313343572021484,True
0.015465,0.15277386,0.1373088571166992,0.1373088571166992,False
0.012743,0.5957195,0.5829765162773133,0.5829765162773133,False
0.0095274,-0.43726784,-0.4467952399085999,0.4467952399085999,False
0.0096535,-0.76741445,-0.7770679506454468,0.7770679506454468,False
0.0086917,-0.9003465,-0.9090382175628662,0.9090382175628662,False
0.0083637,-1.4093211,-1.4176847697174073,1.4176847697174073,False
0.0074869,-3.0445886,-3.052075465826416,3.052075465826416,True
0.011535,-1.7895892,-1.8011241666412354,1.8011241666412354,True
0.016066,0.7664274,0.7503613977279663,0.7503613977279663,False
0.011743,0.109523535,0.09778053477478027,0.09778053477478027,False
0.0085168,-0.19078237,-0.19929916818313598,0.19929916818313598,False
0.015998,-1.4897902,-1.5057882011871337,1.5057882011871337,False
0.0072488,-1.4204521,-1.4277009179199218,1.4277009179199218,False
0.010456,-0.17807436,-0.18853035989379882,0.18853035989379882,False
0.0094339,-1.4258921,-1.4353260146392823,1.4353260146392823,False
0.014743,-0.034347773,-0.0490907725982666,0.0490907725982666,False
0.015651,-1.4253944,-1.4410454158554078,1.4410454158554078,False
0.01757,0.27817142,0.2606014200973511,0.2606014200973511,False
0.0094481,-0.5410048,-0.5504528769546508,0.5504528769546508,False
0.0078467,0.5455755,0.537728799534607,0.537728799534607,False
0.015006,-2.4405704,-2.45557635446167,2.45557635446167,True
0.0097327,-0.17629659,-0.18602929175872804,0.18602929175872804,False
0.0098735,-1.969945,-1.9798184539184571,1.9798184539184571,True
0.013642,1.4373585,1.4237164985733033,1.4237164985733033,False
0.079611,-1.6695721,-1.749183114944458,1.749183114944458,False
0.01291,0.24648577,0.23357576974868774,0.23357576974868774,False
0.0092114,-0.40219453,-0.4114059297718048,0.4114059297718048,False
0.007791,-1.9529482,-1.9607392126235963,1.9607392126235963,True
0.0089778,-0.26728922,-0.27626702128677366,0.27626702128677366,False
0.007909,-0.76674384,-0.7746528387870788,0.7746528387870788,False
0.011833,-0.49324477,-0.5050777671890259,0.5050777671890259,False
0.008536,0.551378,0.5428420117034912,0.5428420117034912,False
0.049963,0.74455905,0.6945960496063233,0.6945960496063233,False
0.0099319,-0.6641828,-0.6741146821731567,0.6741146821731567,False
0.030397,0.04206294,0.011665938213348388,0.011665938213348388,False
0.0079115,-0.116615534,-0.12452703382873535,0.12452703382873535,False
0.0096867,-1.2487707,-1.2584574138061524,1.2584574138061524,False
0.0094514,-1.5848436,-1.5942950355590821,1.5942950355590821,False
0.0094622,-1.4362894,-1.4457516296646118,1.4457516296646118,False
0.009956,1.0473865,1.0374305270614623,1.0374305270614623,False
0.0087621,-0.85874945,-0.8675115492530823,0.8675115492530823,False
0.061024,0.24347623,0.18245222692584992,0.18245222692584992,False
0.026023,-0.23468345,-0.26070645403671266,0.26070645403671266,False
0.017029,-1.7850101,-1.8020390994110107,1.8020390994110107,True
0.00769,-0.67884517,-0.6865351671600342,0.6865351671600342,False
0.016944,-2.0425963,-2.0595403401794434,2.0595403401794434,True
0.017253,-1.52263,-1.539882976272583,1.539882976272583,False
0.0094882,-0.33374494,-0.34323314314193726,0.34323314314193726,False
0.016711,-0.7633592,-0.7800701890335083,0.7800701890335083,False
0.028186,0.05353102,0.025345020879745484,0.025345020879745484,False
0.012491,-2.9885168,-3.001007807556152,3.001007807556152,True
0.0082064,-0.40018126,-0.40838766368522644,0.40838766368522644,False
0.021542,-0.7626622,-0.7842041723175048,0.7842041723175048,False
0.0076702,-1.521335,-1.5290052057601928,1.5290052057601928,False
0.018358,-1.9333047,-1.9516626674728395,1.9516626674728395,True
0.011788,-2.2704387,-2.2822266711120607,2.2822266711120607,True
0.0093848,0.37714106,0.3677562584449768,0.3677562584449768,False
0.016464,-0.86814123,-0.8846052339210511,0.8846052339210511,False
0.02599,0.7285287,0.7025386784172059,0.7025386784172059,False
0.014595,-1.7412419,-1.7558369319152831,1.7558369319152831,False
0.0089776,-0.58170193,-0.590679534337616,0.590679534337616,False
0.0088041,-1.8325429,-1.841346996270752,1.841346996270752,True
0.010226,-1.5536225,-1.5638484842071534,1.5638484842071534,False
0.012852,-1.1869035,-1.199755476715088,1.199755476715088,False
0.051215,-0.82892716,-0.8801421593093872,0.8801421593093872,False
0.0087033,-1.7296511,-1.7383543934829713,1.7383543934829713,False
0.013079,-0.5894278,-0.6025068287887573,0.6025068287887573,False
0.0096389,-0.11317828,-0.12281718297615052,0.12281718297615052,False
0.042705,-0.01888913,-0.06159412916183472,0.06159412916183472,False
0.008626,-0.93166053,-0.940286532951355,0.940286532951355,False
0.0097813,-0.7687267,-0.7785080065048218,0.7785080065048218,False
0.012073,-1.7796972,-1.7917701797943115,1.7917701797943115,True
0.0082603,0.25102544,0.24276513830871582,0.24276513830871582,False
0.0076764,0.2201761,0.212499700730896,0.212499700730896,False
0.007061,0.9021985,0.8951374934806824,0.8951374934806824,False
0.00741,-0.602517,-0.6099270087814331,0.6099270087814331,False
0.0097362,-0.34757245,-0.3573086458694458,0.3573086458694458,False
0.0090411,-1.8618481,-1.8708892159210204,1.8708892159210204,True
0.017259,-0.12526737,-0.1425263715353012,0.1425263715353012,False
0.0094472,-0.20360988,-0.2130570837852478,0.2130570837852478,False
0.010116,-1.0332562,-1.0433721731338501,1.0433721731338501,False
0.0092638,-0.58220416,-0.5914679630744935,0.5914679630744935,False
0.0083274,-0.6751858,-0.6835131995986938,0.6835131995986938,False
0.0072579,-0.046231925,-0.05348982548751831,0.05348982548751831,False
0.0081566,-2.026755,-2.034911694528198,2.034911694528198,True
0.009678,-1.5047885,-1.5144665179519654,1.5144665179519654,False
0.0086168,-0.06839305,-0.0770098516242981,0.0770098516242981,False
0.0075949,-0.448817,-0.4564119146942139,0.4564119146942139,False
0.0073019,-1.3892806,-1.3965824576324464,1.3965824576324464,False
0.0091185,-0.9663646,-0.9754831221160889,0.9754831221160889,False
0.01725,-1.2792106,-1.2964605674743652,1.2964605674743652,False
0.0091723,-2.3107977,-2.3199699913452148,2.3199699913452148,True
0.0068608,-0.7423909,-0.7492516710479736,0.7492516710479736,False
0.011478,0.24952853,0.23805052725982667,0.23805052725982667,False
0.014235,0.2237227,0.2094876963043213,0.2094876963043213,False
0.0080503,0.17668733,0.1686370300075531,0.1686370300075531,False
0.0091005,0.30084673,0.29174622570228576,0.29174622570228576,False
0.0079979,-0.45050615,-0.45850405072250366,0.45850405072250366,False
0.0094435,-0.32499254,-0.3344360374984741,0.3344360374984741,False
0.041623,-1.092648,-1.1342710293273925,1.1342710293273925,False
0.0077635,-0.5545107,-0.5622742126235962,0.5622742126235962,False
0.041089,-0.09207131,-0.13316030968570708,0.13316030968570708,False
0.0096296,0.66106814,0.6514385414604187,0.6514385414604187,False
0.010237,-0.56289685,-0.5731338477249146,0.5731338477249146,False
0.017053,-0.47294348,-0.4899964847831726,0.4899964847831726,False
0.011779,0.72763044,0.7158514364204407,0.7158514364204407,False
0.0077837,-0.84778357,-0.8555672655212402,0.8555672655212402,False
0.0089667,0.21360248,0.2046357832725525,0.2046357832725525,False
0.01236,-1.3209924,-1.333352350578308,1.333352350578308,False
0.011508,-1.2921883,-1.303696286781311,1.303696286781311,False
0.018105,0.7013134,0.6832083764266967,0.6832083764266967,False
0.016695,1.2332412,1.2165462004470826,1.2165462004470826,False
0.0077008,-0.25954694,-0.2672477355583191,0.2672477355583191,False
0.0079974,-0.84778357,-0.8557809655212403,0.8557809655212403,False
0.016179,1.6318707,1.6156917466125489,1.6156917466125489,False
0.0097757,0.36524707,0.35547137078933716,0.35547137078933716,False
0.01444,-0.6949123,-0.709352314414978,0.709352314414978,False
0.0069229,-0.3154341,-0.3223569982437134,0.3223569982437134,False
0.0086023,-0.90507984,-0.9136821416137695,0.9136821416137695,False
0.013521,-0.12469745,-0.13821844682312012,0.13821844682312012,False
0.010053,-1.026352,-1.0364050479202271,1.0364050479202271,False
0.0076166,0.3570371,0.3494204972156525,0.3494204972156525,False
0.015091,-0.20618418,-0.22127517859077453,0.22127517859077453,False
0.014215,-0.16873541,-0.18295041474342347,0.18295041474342347,False
0.0086717,-0.600686,-0.6093577136985778,0.6093577136985778,False
0.016204,-0.4583023,-0.4745062892475128,0.4745062892475128,False
0.0073649,-1.4210644,-1.4284292768310547,1.4284292768310547,False
0.015805,0.5280627,0.5122577012252808,0.5122577012252808,False
0.008468,-0.52724266,-0.535710660522461,0.535710660522461,False
0.0093698,-0.35749415,-0.36686394563179014,0.36686394563179014,False
0.0074621,-1.1233455,-1.1308075942703246,1.1308075942703246,False
0.046326,0.16801219,0.12168618688488006,0.12168618688488006,False
0.013988,-0.8797657,-0.8937536893730164,0.8937536893730164,False
0.0076808,-1.825475,-1.833155777493286,1.833155777493286,True
0.012114,-0.11234784,-0.12446184126281738,0.12446184126281738,False
0.0099851,-1.6593596,-1.669344674317932,1.669344674317932,False
0.0090545,-0.49965203,-0.5087065280838012,0.5087065280838012,False
0.0082881,0.53480405,0.5265159461540222,0.5265159461540222,False
0.035038,-1.2347045,-1.2697424944763183,1.2697424944763183,False
0.01697,-0.87819254,-0.8951625439834595,0.8951625439834595,False
0.015915,0.7052556,0.6893406276321411,0.6893406276321411,False
0.008962,-0.24708056,-0.2560425644989014,0.2560425644989014,False
0.007831,-0.9905885,-0.9984194861946106,0.9984194861946106,False
0.0091222,-1.4224031,-1.43152529715271,1.43152529715271,False
0.0088303,-1.1220925,-1.1309227854278565,1.1309227854278565,False
0.0089822,0.15788794,0.14890573563842774,0.14890573563842774,False
0.0098584,-1.4436694,-1.4535278383621215,1.4535278383621215,False
0.0083002,-0.8896196,-0.8979197888519287,0.8979197888519287,False
0.008046,-1.0570294,-1.065075366493225,1.065075366493225,False
0.017277,0.29418796,0.27691096300888063,0.27691096300888063,False
0.010026,-0.84021,-0.8502360205421448,0.8502360205421448,False
0.0080753,-1.4559958,-1.464071098110962,1.464071098110962,False
0.0072452,-1.3343067,-1.3415519169189454,1.3415519169189454,False
0.0086677,-0.8053519,-0.8140196129753112,0.8140196129753112,False
0.01097,-1.5602112,-1.571181181640625,1.571181181640625,False
0.012764,-0.09247011,-0.10523410946273803,0.10523410946273803,False
0.0090976,0.5052141,0.49611649511566164,0.49611649511566164,False
0.009831,-0.57899386,-0.5888248569068909,0.5888248569068909,False
0.019297,-1.3195456,-1.3388426266403197,1.3388426266403197,False
0.0082475,0.68909144,0.680843944015503,0.680843944015503,False
0.013032,-0.40498072,-0.41801271908950804,0.41801271908950804,False
0.0092943,1.3942878,1.3849935246307372,1.3849935246307372,False
0.021751,0.15797736,0.13622635750675202,0.13622635750675202,False
0.0097284,0.20190637,0.19217796813640595,0.19217796813640595,False
0.013457,-0.6063379,-0.6197949049301148,0.6197949049301148,False
0.013104,-0.13175893,-0.1448629282989502,0.1448629282989502,False
0.0094751,0.09517205,0.08569694761505127,0.08569694761505127,False
0.013195,-0.20546556,-0.21866055519104005,0.21866055519104005,False
0.0075602,-1.345701,-1.353261179232788,1.353261179232788,False
0.0081818,-1.2424465,-1.2506283417861939,1.2506283417861939,False
0.0091807,-1.0705913,-1.0797720305282592,1.0797720305282592,False
0.0072125,-1.4198424,-1.4270548624038697,1.4270548624038697,False
0.0086672,-0.8691698,-0.8778369716712952,0.8778369716712952,False
0.016776,-0.16237348,-0.17914948318099977,0.17914948318099977,False
0.0087773,-0.36962482,-0.3784021233318329,0.3784021233318329,False
0.025868,-0.6038092,-0.6296771778755188,0.6296771778755188,False
0.0099837,0.12054479,0.11056109122161865,0.11056109122161865,False
0.020979,-1.097074,-1.118053031829834,1.118053031829834,False
0.014299,-0.7126045,-0.7269035227050781,0.7269035227050781,False
0.0087338,0.15251172,0.14377791588897704,0.14377791588897704,False
0.0091584,-1.0798914,-1.0890498432525635,1.0890498432525635,False
0.013734,-0.8515459,-0.8652798703041077,0.8652798703041077,False
0.009381,-0.69038516,-0.6997661628303528,0.6997661628303528,False
0.0098419,-1.3166789,-1.3265207816452027,1.3265207816452027,False
0.014579,0.11243947,0.09786046850299836,0.09786046850299836,False
0.0071396,-0.51347387,-0.5206134683700562,0.5206134683700562,False
0.0086547,0.42721674,0.4185620384624481,0.4185620384624481,False
0.0088336,-0.39657864,-0.4054122397457123,0.4054122397457123,False
0.013615,0.15131927,0.1377042653656006,0.1377042653656006,False
0.01127,-0.6635489,-0.6748188867759705,0.6748188867759705,False
0.015719,-0.54639477,-0.5621137653770447,0.5621137653770447,False
0.0099148,-0.34700397,-0.3569187665699005,0.3569187665699005,False
0.018431,-1.5821422,-1.6005732338485719,1.6005732338485719,False
0.0092704,-0.8622372,-0.8715076150421143,0.8715076150421143,False
0.012746,-0.1917764,-0.20452239484405518,0.20452239484405518,False
0.014094,0.06850791,0.05441390977478027,0.05441390977478027,False
0.012632,1.2628901,1.250258100479126,1.250258100479126,False
0.0086652,0.12731642,0.11865121530990601,0.11865121530990601,False
0.0094248,-0.29362437,-0.3030491712902069,0.3030491712902069,False
0.0073936,0.98351073,0.9761171326507568,0.9761171326507568,False
0.0079612,-0.7989554,-0.8069165809165955,0.8069165809165955,False
0.0089771,-0.6959118,-0.7048889247032165,0.7048889247032165,False
0.0083243,-0.8676704,-0.8759947168319702,0.8759947168319702,False
0.070323,-2.2673895,-2.337712535903931,2.337712535903931,True
0.011625,-0.4280237,-0.43964869594573974,0.43964869594573974,False
0.023503,-1.027428,-1.0509310309677125,1.0509310309677125,False
0.017604,-0.19259429,-0.2101982897796631,0.2101982897796631,False
0.010267,-0.040021896,-0.050288896362304686,0.050288896362304686,False
0.023791,-1.0153998,-1.0391908136520385,1.0391908136520385,False
0.010895,-1.2080524,-1.218947396774292,1.218947396774292,False
0.0099853,-1.8042072,-1.8141925057724,1.8141925057724,True
0.0075406,-2.932548,-2.9400886461120606,2.9400886461120606,True
0.0088262,-1.0937552,-1.1025814452087401,1.1025814452087401,False
0.021738,-0.75917244,-0.7809104395751953,0.7809104395751953,False
0.0071762,-0.1504353,-0.15761149868125915,0.15761149868125915,False
0.0082077,-1.439038,-1.4472457382537842,1.4472457382537842,False
0.033932,0.14591932,0.1119873229675293,0.1119873229675293,False
0.0095473,-0.07193011,-0.08147741045455932,0.08147741045455932,False
0.040662,-2.1138332,-2.1544951890106203,2.1544951890106203,True
0.092085,0.2568596,0.16477460054397583,0.16477460054397583,False
0.0092171,-0.9286875,-0.9379046128746032,0.9379046128746032,False
0.0089905,-0.80692303,-0.8159135318069458,0.8159135318069458,False
0.02185,-1.0816624,-1.1035124164581298,1.1035124164581298,False
0.024865,-1.3335135,-1.3583784983062743,1.3583784983062743,False
0.010527,-0.6616889,-0.6722159238357543,0.6722159238357543,False
0.0081477,-0.111400425,-0.11954812543411256,0.11954812543411256,False
0.0077407,-1.1579065,-1.1656472322875977,1.1656472322875977,False
0.0099315,-1.1546537,-1.1645851684036255,1.1645851684036255,False
0.034998,-1.4573451,-1.4923431280593873,1.4923431280593873,False
0.032319,0.78802896,0.7557099554595947,0.7557099554595947,False
0.029569,-0.20438045,-0.23394945263290406,0.23394945263290406,False
0.0087652,-0.5448245,-0.553589681010437,0.553589681010437,False
0.016281,-2.2380717,-2.25435268006897,2.25435268006897,True
0.0099273,-0.84842205,-0.8583493504760742,0.8583493504760742,False
0.0066908,-2.265168,-2.271858751583862,2.271858751583862,True
0.018526,-0.18076381,-0.1992898108730316,0.1992898108730316,False
0.0075857,-1.0049753,-1.0125610189086913,1.0125610189086913,False
0.029034,-0.23305371,-0.26208771403694153,0.26208771403694153,False
0.0073131,-0.26536214,-0.27267524351654054,0.27267524351654054,False
0.0094424,-0.968206,-0.977648388407135,0.977648388407135,False
0.0075902,-0.9514146,-0.9590047851135254,0.9590047851135254,False
0.015631,0.042336226,0.026705225509643556,0.026705225509643556,False
0.0092855,0.8873118,0.8780263162155152,0.8780263162155152,False
0.0096239,1.1395383,1.129914388116455,1.129914388116455,False
0.016329,-1.1760987,-1.1924277043380738,1.1924277043380738,False
0.0079292,-0.46198106,-0.46991025812072756,0.46991025812072756,False
0.025829,-2.2217655,-2.2475945181884764,2.2475945181884764,True
0.032968,-0.66317594,-0.6961439405136108,0.6961439405136108,False
0.008628,-0.37329304,-0.3819210421829224,0.3819210421829224,False
0.0081221,-1.2534952,-1.261617316369629,1.261617316369629,False
0.0092481,-0.2980405,-0.30728860922393797,0.30728860922393797,False
0.013589,-1.6113037,-1.6248926870956422,1.6248926870956422,False
0.015373,-0.4417181,-0.45709110150146487,0.45709110150146487,False
0.0068416,0.124970496,0.11812889570083618,0.11812889570083618,False
0.0096776,-0.22609866,-0.23577625665435792,0.23577625665435792,False
0.0088637,1.0197641,1.0109003657424926,1.0109003657424926,False
0.013856,-0.9387795,-0.9526354733047485,0.9526354733047485,False
0.0095566,0.3076259,0.2980692897781372,0.2980692897781372,False
0.063212,1.1776445,1.1144324911956787,1.1144324911956787,False
0.0089646,0.29786938,0.28890478428878785,0.28890478428878785,False
0.057853,0.51762676,0.45977376239013673,0.45977376239013673,False
0.0080119,1.0751948,1.0671829356628417,1.0671829356628417,False
0.0098593,-0.5264982,-0.5363574985092163,0.5363574985092163,False
0.011167,0.86679184,0.8556248443679809,0.8556248443679809,False
0.0091393,-0.45933318,-0.4684724813812256,0.4684724813812256,False
0.0081188,-0.14235589,-0.15047468908195497,0.15047468908195497,False
0.0070458,-0.18190181,-0.18894761255340575,0.18894761255340575,False
0.015093,0.55026907,0.535176067287445,0.535176067287445,False
0.032696,-0.43649614,-0.4691921385726929,0.4691921385726929,False
0.0088764,0.3358816,0.3270051908432007,0.3270051908432007,False
0.009446,2.502541,2.4930950652160644,2.4930950652160644,True
0.010607,-0.84221166,-0.852818663722992,0.852818663722992,False
0.0090195,-1.5450819,-1.554101353866577,1.554101353866577,False
0.0098243,-1.1023886,-1.112212920376587,1.112212920376587,False
0.07547,-0.08266792,-0.15813791701316832,0.15813791701316832,False
0.010903,-1.6060617,-1.6169646970062257,1.6169646970062257,False
0.008718,0.39506847,0.3863504666633606,0.3863504666633606,False
0.012729,1.411468,1.3987390290222168,1.3987390290222168,False
0.010695,0.9320225,0.9213275119590759,0.9213275119590759,False
0.039074,-1.571171,-1.6102450453033448,1.6102450453033448,False
0.0094584,-0.69340134,-0.7028597366699219,0.7028597366699219,False
0.0085528,0.08633752,0.07778472167224884,0.07778472167224884,False
0.022822,0.40094593,0.3781239316730499,0.3781239316730499,False
0.0088305,2.027625,2.0187945839233397,2.0187945839233397,True
0.0096191,-0.18831336,-0.19793246498260497,0.19793246498260497,False
0.02015,-0.8136059,-0.8337559045791626,0.8337559045791626,False
0.016169,0.7020652,0.6858962294158936,0.6858962294158936,False
0.0078221,-0.6385639,-0.646385971383667,0.646385971383667,False
0.011925,-0.15509634,-0.1670213371992111,0.1670213371992111,False
0.009762,0.48632753,0.47656552895355225,0.47656552895355225,False
0.02444,0.15569612,0.1312561238384247,0.1312561238384247,False
0.0077494,-1.5002664,-1.508015832762146,1.508015832762146,False
0.020201,-1.945713,-1.9659140432128905,1.9659140432128905,True
0.015075,-0.93774414,-0.952819140625,0.952819140625,False
0.0090278,-1.7272837,-1.7363115162017821,1.7363115162017821,False
0.022813,-0.21386385,-0.23667684963989258,0.23667684963989258,False
0.0173,0.3791784,0.36187840480804445,0.36187840480804445,False
0.0070839,-1.139872,-1.1469558549179077,1.1469558549179077,False
0.015427,0.783982,0.7685549788932801,0.7685549788932801,False
0.013281,1.1333632,1.1200822469177245,1.1200822469177245,False
0.008148,-1.3475475,-1.3556955311279297,1.3556955311279297,False
0.014891,-0.28068832,-0.2955793156299591,0.2955793156299591,False
0.014251,-0.92232555,-0.9365765515098572,0.9365765515098572,False
0.016987,-1.7246652,-1.7416521649475099,1.7416521649475099,False
0.0078976,-0.7440251,-0.7519227111984252,0.7519227111984252,False
0.0085685,0.20396537,0.19539686588668823,0.19539686588668823,False
0.0074303,-0.7845239,-0.7919542043235779,0.7919542043235779,False
0.0089668,-0.369285,-0.378251787449646,0.378251787449646,False
0.013336,-1.7790895,-1.7924254508361817,1.7924254508361817,True
0.039066,-1.0688564,-1.1079223585281373,1.1079223585281373,False
0.010392,-0.7115022,-0.721894194404602,0.721894194404602,False
0.0093388,-0.77671766,-0.7860564628112793,0.7860564628112793,False
0.0080935,-1.0428168,-1.0509102581558227,1.0509102581558227,False
0.022784,-0.8382102,-0.8609942251052857,0.8609942251052857,False
0.0089304,-1.1826867,-1.191617086515808,1.191617086515808,False
0.008137,-1.1824235,-1.19056047240448,1.19056047240448,False
0.0095074,0.5341543,0.5246468959213257,0.5246468959213257,False
0.012188,-0.7328322,-0.7450201933746338,0.7450201933746338,False
0.068687,0.45596123,0.3872742274169922,0.3872742274169922,False
0.020147,-1.9935117,-2.01365867678833,2.01365867678833,True
0.017836,-1.7246742,-1.7425102248535156,1.7425102248535156,False
0.0095331,-1.0101527,-1.0196857975631715,1.0196857975631715,False
0.0088917,-0.6021766,-0.6110683066551208,0.6110683066551208,False
0.0082078,-1.1257312,-1.1339390297821046,1.1339390297821046,False
0.035973,0.045834363,0.009861362506866457,0.009861362506866457,False
0.026164,-0.6924562,-0.7186201858177185,0.7186201858177185,False
0.0098452,-0.31616408,-0.3260092763282776,0.3260092763282776,False
0.024808,-0.464979,-0.48978699293899536,0.48978699293899536,False
0.030171,-0.7625598,-0.7927307715377807,0.7927307715377807,False
0.015871,0.015406847,-0.0004641529998779294,0.0004641529998779294,False
0.0094844,-0.14787948,-0.1573638813156128,0.1573638813156128,False
0.017295,-0.704225,-0.7215200037193298,0.7215200037193298,False
0.018747,-0.00030601025,-0.019053010246276855,0.019053010246276855,False
0.01129,-0.42139298,-0.43268297723770144,0.43268297723770144,False
0.0083041,-1.9795152,-1.9878192948928832,1.9878192948928832,True
0.066962,-0.35105252,-0.4180145226593017,0.4180145226593017,False
0.0086375,-0.82528555,-0.8339230539321899,0.8339230539321899,False
0.007688,-1.1094979,-1.1171859047775268,1.1171859047775268,False
0.017515,-0.12516841,-0.14268341292381287,0.14268341292381287,False
0.0075069,-0.44966415,-0.4571710457080841,0.4571710457080841,False
0.0093771,0.056405425,0.04702832507171631,0.04702832507171631,False
0.01455,0.832423,0.8178729717254639,0.8178729717254639,False
0.0095464,-0.52196705,-0.5315134534133911,0.5315134534133911,False
0.060466,0.5178245,0.45735847099685667,0.45735847099685667,False
0.0069034,-0.57618934,-0.5830927391609192,0.5830927391609192,False
0.027584,-0.48719537,-0.514779372581482,0.514779372581482,False
0.0094724,-0.92007256,-0.9295449555419922,0.9295449555419922,False
0.0073767,0.3549971,0.3476203984458923,0.3476203984458923,False
0.052087,-0.7937001,-0.845787098991394,0.845787098991394,False
0.024449,-0.70147705,-0.7259260507812499,0.7259260507812499,False
0.007977,-0.9746064,-0.9825833947677612,0.9825833947677612,False
0.012127,-1.1220729,-1.1341999351043701,1.1341999351043701,False
0.017039,-1.6268502,-1.6438892473831177,1.6438892473831177,False
0.0078266,0.30314052,0.2953139210494995,0.2953139210494995,False
0.0086082,-0.94157666,-0.9501848596794128,0.9501848596794128,False
0.0080669,-0.4853629,-0.4934297873825073,0.4934297873825073,False
0.011722,0.64611065,0.6343886538772583,0.6343886538772583,False
0.014153,-0.8781552,-0.8923081718711853,0.8923081718711853,False
0.018844,0.01212728,-0.006716719764709472,0.006716719764709472,False
0.019698,-0.83644235,-0.8561403513412476,0.8561403513412476,False
0.016087,-1.3562609,-1.372347895729065,1.372347895729065,False
0.015415,0.2030324,0.18761740418434142,0.18761740418434142,False
0.0090794,-0.14155507,-0.15063447087707518,0.15063447087707518,False
0.0088525,-1.2577479,-1.2666003885650634,1.2666003885650634,False
0.016093,0.24361908,0.22752608435821534,0.22752608435821534,False
0.043908,-1.4893758,-1.5332838296966553,1.5332838296966553,False
0.0095742,0.44994614,0.4403719352825165,0.4403719352825165,False
0.024382,0.73199,0.7076079797439575,0.7076079797439575,False
0.0097497,0.61103106,0.6012813554504395,0.6012813554504395,False
0.036845,-0.9071903,-0.9440353228759766,0.9440353228759766,False
0.018145,-0.26192075,-0.2800657501411438,0.2800657501411438,False
0.013456,-0.030865617,-0.0443216170964241,0.0443216170964241,False
0.0089868,-0.2541185,-0.2631053021400452,0.2631053021400452,False
0.0065089,0.1205574,0.11404849760398865,0.11404849760398865,False
0.0073381,-1.5750694,-1.5824075274902343,1.5824075274902343,False
0.017676,-0.15358502,-0.1712610167274475,0.1712610167274475,False
0.0082697,-0.62488407,-0.6331537689659119,0.6331537689659119,False
0.0076683,-0.254312,-0.2619803086193085,0.2619803086193085,False
0.010419,-0.9695091,-0.9799281247558593,0.9799281247558593,False
0.0076119,-1.3461134,-1.3537253433746337,1.3537253433746337,False
0.00744,0.34378543,0.33634543496131897,0.33634543496131897,False
0.0087277,-0.97438645,-0.98311415362854,0.98311415362854,False
0.0067064,-0.186578,-0.19328440555229187,0.19328440555229187,False
0.0099808,-1.1267918,-1.1367726348312377,1.1367726348312377,False
0.0070093,-0.39057046,-0.3975797617500305,0.3975797617500305,False
0.008456,0.96440727,0.9559512651863098,0.9559512651863098,False
0.0096192,-1.24698,-1.2565991518585204,1.2565991518585204,False
0.022739,-0.30951166,-0.332250661529541,0.332250661529541,False
0.020075,-0.6623561,-0.6824310786247253,0.6824310786247253,False
0.0095191,-0.21007699,-0.2195960877433777,0.2195960877433777,False
0.011244,-0.35476136,-0.36600536207580564,0.36600536207580564,False
0.0075112,0.09338981,0.08587860913162232,0.08587860913162232,False
0.011218,0.5461171,0.534899126941681,0.534899126941681,False
0.01089,0.30529106,0.2944010566329956,0.2944010566329956,False
0.0089522,-0.62013793,-0.6290901299163818,0.6290901299163818,False
0.0087439,-1.0408789,-1.0496227919448853,1.0496227919448853,False
0.017316,0.11006343,0.09274743364715576,0.09274743364715576,False
0.021698,0.27501068,0.2533126751918793,0.2533126751918793,False
0.018174,0.05229515,0.03412114837265015,0.03412114837265015,False
0.0082173,-0.70642245,-0.7146397481582641,0.7146397481582641,False
0.007761,-0.25556862,-0.26332962354278566,0.26332962354278566,False
0.019017,-0.89548516,-0.9145021627349853,0.9145021627349853,False
0.016035,-0.52660906,-0.5426440631484986,0.5426440631484986,False
0.013148,-0.7154448,-0.7285928032379151,0.7285928032379151,False
0.009325,-0.18887815,-0.1982031487941742,0.1982031487941742,False
0.027372,0.18051574,0.15314373634147643,0.15314373634147643,False
0.0085826,-0.7407657,-0.7493482908035278,0.7493482908035278,False
0.02276,0.1783356,0.15557560705184936,0.15557560705184936,False
0.017323,-0.13429344,-0.15161643700408936,0.15161643700408936,False
0.015724,-1.6546996,-1.6704235639801026,1.6704235639801026,False
0.027025,-0.07612522,-0.10315021946430206,0.10315021946430206,False
0.016007,-0.5092367,-0.5252436933822632,0.5252436933822632,False
0.0096987,-1.5223517,-1.5320504417907714,1.5320504417907714,False
0.017398,-1.548956,-1.566354036567688,1.566354036567688,False
0.0094183,-1.899037,-1.908455303517151,1.908455303517151,True
0.016688,-1.6761668,-1.6928547728424073,1.6928547728424073,False
0.014713,0.8061454,0.7914324296112061,0.7914324296112061,False
0.013201,-0.68003976,-0.6932407634506226,0.6932407634506226,False
0.0084226,-0.44409725,-0.45251985069999695,0.45251985069999695,False
0.007841,-1.6972448,-1.7050857633743286,1.7050857633743286,False
0.038019,-0.9500982,-0.9881172165336609,0.9881172165336609,False
0.0079747,-0.63410425,-0.6420789518615723,0.6420789518615723,False
0.065792,-1.9113879,-1.9771799203796387,1.9771799203796387,True
0.022577,-0.7105777,-0.7331547263641357,0.7331547263641357,False
0.0078322,-0.34150052,-0.34933272070617677,0.34933272070617677,False
0.0078194,-0.14922184,-0.15704123752059937,0.15704123752059937,False
0.0094379,-2.5563998,-2.5658377222351074,2.5658377222351074,True
0.0089011,-1.8628899,-1.871790985902405,1.871790985902405,True
0.010531,-1.5800822,-1.5906131781158448,1.5906131781158448,False
0.018089,-2.6573813,-2.6754702961578367,2.6754702961578367,True
0.038933,-0.8506237,-0.8895567268447876,0.8895567268447876,False
0.031284,-0.744787,-0.7760709777679443,0.7760709777679443,False
0.0080996,-0.28773546,-0.2958350621887207,0.2958350621887207,False
0.012449,-1.3803563,-1.3928053117980956,1.3928053117980956,False
0.011032,-1.8309163,-1.8419482855148315,1.8419482855148315,True
0.0087914,-0.89932996,-0.9081213603462219,0.9081213603462219,False
0.013898,-1.1244066,-1.1383045761566162,1.1383045761566162,False
0.012139,-1.2617927,-1.2739316597595214,1.2739316597595214,False
0.0087995,-0.7798624,-0.7886619038696289,0.7886619038696289,False
0.011388,-1.7873545,-1.7987424692993164,1.7987424692993164,True
0.007472,1.0002651,0.9927931214599609,0.9927931214599609,False
0.0096575,-1.3144448,-1.3241022803497315,1.3241022803497315,False
0.020206,-1.7961639,-1.8163699165878295,1.8163699165878295,True
0.017715,-1.1711701,-1.1888851154708862,1.1888851154708862,False
0.0086484,-0.89733565,-0.9059840485366821,0.9059840485366821,False
0.026106,-1.3737918,-1.3998978138504028,1.3998978138504028,False
0.0083333,-0.6107461,-0.6190793856437683,0.6190793856437683,False
0.019605,-0.20078433,-0.22038932559967042,0.22038932559967042,False
0.011869,-1.3418788,-1.3537477717819213,1.3537477717819213,False
0.0089634,0.111291796,0.1023283959690094,0.1023283959690094,False
0.0093828,-1.621899,-1.6312818087509156,1.6312818087509156,False
0.0088985,-1.0467952,-1.0556937489852904,1.0556937489852904,False
0.019112,0.3260135,0.30690150545883177,0.30690150545883177,False
0.013875,-1.3477545,-1.36162947845459,1.36162947845459,False
0.014376,-2.0453753,-2.059751347137451,2.059751347137451,True
0.013115,0.6340184,0.6209034211730957,0.6209034211730957,False
0.017799,-1.5022101,-1.5200091402282714,1.5200091402282714,False
0.021219,1.6539053,1.6326862724838256,1.6326862724838256,False
0.0073629,-1.0352795,-1.0426424124053955,1.0426424124053955,False
0.0088626,-1.9236902,-1.9325527998519898,1.9325527998519898,True
0.0080577,-2.264745,-2.2728026970245363,2.2728026970245363,True
0.0077328,-0.7359891,-0.7437218937805176,0.7437218937805176,False
0.0096455,-1.11178,-1.121425547416687,1.121425547416687,False
0.0077261,-1.0350757,-1.0428017645202636,1.0428017645202636,False
0.0078705,-1.3592403,-1.3671107935028075,1.3671107935028075,False
0.014611,0.6131062,0.5984951911582946,0.5984951911582946,False
0.0082136,-2.5614657,-2.5696793402038574,2.5696793402038574,True
0.016113,-2.7330482,-2.7491612006072996,2.7491612006072996,True
0.011487,-1.4154258,-1.4269127774353028,1.4269127774353028,False
0.025702,-0.9554313,-0.9811332825202942,0.9811332825202942,False
0.0076067,-0.77388406,-0.7814907579986572,0.7814907579986572,False
0.01452,-2.0282662,-2.042786191482544,2.042786191482544,True
0.0109,0.81300247,0.8021024671554565,0.8021024671554565,False
0.0096587,-0.7963551,-0.8060138282882691,0.8060138282882691,False
0.013202,-0.46686333,-0.48006533417892455,0.48006533417892455,False
0.058274,-0.90643096,-0.9647049597015381,0.9647049597015381,False
0.03548,-1.7625841,-1.798064090232849,1.798064090232849,True
0.017916,-0.92878383,-0.9466998339805603,0.9466998339805603,False
0.0086307,-0.6362332,-0.6448639105636597,0.6448639105636597,False
0.0097187,0.012909386,0.0031906863070011136,0.0031906863070011136,False
0.0073528,0.23731023,0.22995743073196412,0.22995743073196412,False
0.0097252,-0.15224063,-0.16196583396453856,0.16196583396453856,False
0.0071753,-0.44881055,-0.45598584759025573,0.45598584759025573,False
0.009993,-1.5920607,-1.6020536851577758,1.6020536851577758,False
0.013371,-0.12617028,-0.13954127759552,0.13954127759552,False
0.016386,-0.12853979,-0.14492578574275972,0.14492578574275972,False
0.0093847,0.3386014,0.3292167103889465,0.3292167103889465,False
0.0081601,-0.5783242,-0.5864842987228394,0.5864842987228394,False
0.058135,-0.79389465,-0.852029648551941,0.852029648551941,False
0.010737,-0.5147718,-0.525508819114685,0.525508819114685,False
0.0082152,-0.6518159,-0.6600310912658691,0.6600310912658691,False
0.015461,0.42740625,0.41194525143051147,0.41194525143051147,False
0.01797,-0.76510894,-0.7830789429855347,0.7830789429855347,False
0.019231,0.32991302,0.31068202013397217,0.31068202013397217,False
0.0091594,-0.8187195,-0.827878906263733,0.827878906263733,False
0.0089118,0.8195976,0.8106858018905639,0.8106858018905639,False
0.016064,-0.600607,-0.6166709779396057,0.6166709779396057,False
0.013123,0.17420772,0.16108471718025208,0.16108471718025208,False
0.0098472,0.3354448,0.3255976080062866,0.3255976080062866,False
0.0089825,-2.0264542,-2.035436710281372,2.035436710281372,True
0.0079348,-1.1075908,-1.1155255945632934,1.1155255945632934,False
0.015565,-1.3399755,-1.3555404762649537,1.3555404762649537,False
0.016133,1.0034033,0.9872703060073853,0.9872703060073853,False
0.0076315,-0.52774966,-0.5353811576309204,0.5353811576309204,False
0.011432,-0.94863683,-0.9600688298530579,0.9600688298530579,False
0.032998,-1.1465318,-1.1795298202972413,1.1795298202972413,False
0.0081357,-0.99246407,-1.0005997655517578,1.0005997655517578,False
0.008462,-1.8602214,-1.8686833859558105,1.8686833859558105,True
0.009932,1.7110469,1.7011149341278076,1.7011149341278076,False
0.012753,-2.5722213,-2.584974279144287,2.584974279144287,True
0.0071838,0.16748673,0.16030292723770143,0.16030292723770143,False
0.010442,-0.80513525,-0.8155772500915527,0.8155772500915527,False
0.016906,-0.15167674,-0.168582744222641,0.168582744222641,False
0.018751,-0.5639268,-0.5826778159866333,0.5826778159866333,False
0.0088515,-1.125524,-1.1343755440368652,1.1343755440368652,False
0.01753,-1.1869174,-1.2044474242019654,1.2044474242019654,False
0.016442,-2.4536989,-2.4701408735198975,2.4701408735198975,True
0.0095312,0.32050505,0.3109738528049469,0.3109738528049469,False
0.014373,-1.5322361,-1.546609099243164,1.546609099243164,False
0.010524,-0.13891755,-0.14944155044460297,0.14944155044460297,False
0.009052,-0.10143432,-0.11048632021141053,0.11048632021141053,False
0.01711,-0.5517678,-0.5688778260803222,0.5688778260803222,False
0.050953,-1.2599943,-1.3109472684173584,1.3109472684173584,False
0.037098,0.12117833,0.08408032899093629,0.08408032899093629,False
0.009795,0.07870743,0.06891242678642273,0.06891242678642273,False
0.0078382,1.1744576,1.1666193500488282,1.1666193500488282,False
0.015545,-0.3540707,-0.3696156932544708,0.3696156932544708,False
0.023278,-0.4193846,-0.44266259873199465,0.44266259873199465,False
0.0086557,-1.0266557,-1.035311373980713,1.035311373980713,False
0.0085659,-0.25431398,-0.2628798755725861,0.2628798755725861,False
0.0078984,-1.0155582,-1.0234566427978515,1.0234566427978515,False
0.015165,-0.87844634,-0.8936113405609131,0.8936113405609131,False
0.020567,-0.46461546,-0.48518246421051026,0.48518246421051026,False
0.0088795,-0.07582462,-0.08470411833953857,0.08470411833953857,False
0.01179,0.7766136,0.7648235931015015,0.7648235931015015,False
0.0092602,0.08979374,0.08053354170303345,0.08053354170303345,False
0.0099328,-0.52311933,-0.5330521304061889,0.5330521304061889,False
0.017883,-1.3158841,-1.3337671133117677,1.3337671133117677,False
0.0093156,-0.86944395,-0.8787595530372619,0.8787595530372619,False
0.0096078,0.9670706,0.9574627795288086,0.9574627795288086,False
0.01264,-0.72073305,-0.7333730465316772,0.7333730465316772,False
0.0093642,-1.3371555,-1.3465196613113404,1.3465196613113404,False
0.064606,-2.2286916,-2.293297577911377,2.293297577911377,True
0.015323,0.11119819,0.09587518687438965,0.09587518687438965,False
0.0087314,-1.2451075,-1.2538389315475464,1.2538389315475464,False
0.011849,0.3625596,0.35071058676338196,0.35071058676338196,False
0.0099571,-0.10634501,-0.11630211278400421,0.11630211278400421,False
0.015312,-0.7509016,-0.7662135798568726,0.7662135798568726,False
0.018296,-1.3836894,-1.4019854035339356,1.4019854035339356,False
0.0091561,-0.6883948,-0.6975508849273682,0.6975508849273682,False
0.0074257,-0.46995163,-0.47737732963867185,0.47737732963867185,False
0.0082209,0.3924357,0.38421479970130923,0.38421479970130923,False
0.0096997,1.171604,1.161904337284851,1.161904337284851,False
0.011402,-0.66126716,-0.6726691613693238,0.6726691613693238,False
0.0087991,-0.46523035,-0.4740294457260132,0.4740294457260132,False
0.0095606,-0.96862423,-0.978184834199524,0.978184834199524,False
0.01519,-0.14166817,-0.1568581706905365,0.1568581706905365,False
0.017951,-1.1587086,-1.1766595723876954,1.1766595723876954,False
0.016826,-1.1611186,-1.1779446265945435,1.1779446265945435,False
0.034811,-0.4779028,-0.5127137998447419,0.5127137998447419,False
0.008395,-2.0062375,-2.0146325068664552,2.0146325068664552,True
0.0094046,-0.7735769,-0.7829815152641296,0.7829815152641296,False
0.0082877,-1.9029818,-1.9112694581176757,1.9112694581176757,True
0.016985,-1.1999905,-1.2169755109405518,1.2169755109405518,False
0.0085539,0.14055662,0.13200271857128143,0.13200271857128143,False
0.010917,-0.44232717,-0.4532441715641022,0.4532441715641022,False
0.0083363,-1.6798993,-1.6882356349075318,1.6882356349075318,False
0.0071589,0.36211786,0.3549589567409515,0.3549589567409515,False
0.013889,-1.1107711,-1.1246600599899292,1.1246600599899292,False
0.02043,-2.1893938,-2.209823758773804,2.209823758773804,True
0.0086712,-1.1058801,-1.1145513412582397,1.1145513412582397,False
0.028194,-0.9385624,-0.9667563931884766,0.9667563931884766,False
0.076996,0.17864463,0.10164862733268738,0.10164862733268738,False
0.016419,-0.2250588,-0.24147779402160643,0.24147779402160643,False
0.0077627,-0.4197408,-0.4275034960891724,0.4275034960891724,False
0.0075985,-1.2817206,-1.2893191382751465,1.2893191382751465,False
0.032586,-0.74123913,-0.7738251304969788,0.7738251304969788,False
0.0072344,0.7658962,0.758661801133728,0.758661801133728,False
0.024885,-0.5356022,-0.5604872119522095,0.5604872119522095,False
0.0077034,-0.8218756,-0.8295789722045899,0.8295789722045899,False
0.0089946,-0.7276515,-0.7366460768600464,0.7366460768600464,False
0.0075108,-0.42127514,-0.42878593885498045,0.42878593885498045,False
0.0091367,-1.307626,-1.3167627089874268,1.3167627089874268,False
0.016316,-0.89559567,-0.9119116697463989,0.9119116697463989,False
0.018911,-0.53173363,-0.5506446320877075,0.5506446320877075,False
0.0091244,-1.2386906,-1.2478150147003173,1.2478150147003173,False
0.017085,-0.6403091,-0.6573940953826904,0.6573940953826904,False
0.028707,-0.848351,-0.877058001739502,0.877058001739502,False
0.015571,-1.4663415,-1.481912495513916,1.481912495513916,False
0.0080961,-1.0424045,-1.050500632432556,1.050500632432556,False
0.012493,0.17452201,0.1620290124721527,0.1620290124721527,False
0.015292,-2.0034018,-2.018693756286621,2.018693756286621,True
0.0097587,-0.04270029,-0.05245899067993164,0.05245899067993164,False
0.0082351,0.11528458,0.10704947701206208,0.10704947701206208,False
0.012776,-1.4895345,-1.5023104972610473,1.5023104972610473,False
0.0083568,-2.550673,-2.559029807965088,2.559029807965088,True
0.011648,-1.387544,-1.3991920359115602,1.3991920359115602,False
0.0092112,-0.96273804,-0.971949237109375,0.971949237109375,False
0.014555,-1.0203092,-1.0348642098236085,1.0348642098236085,False
0.0081978,-0.9916204,-0.999818221409607,0.999818221409607,False
0.0081271,-2.0020652,-2.0101922817321776,2.0101922817321776,True
0.018317,-1.0873916,-1.1057086149139403,1.1057086149139403,False
0.0097742,-0.30470324,-0.3144774356262207,0.3144774356262207,False
0.017905,-0.600166,-0.6180710227775573,0.6180710227775573,False
0.015439,-0.8029985,-0.8184374831809997,0.8184374831809997,False
0.0096806,-1.0706273,-1.0803079317337037,1.0803079317337037,False
0.0083007,-0.96593815,-0.974238850882721,0.974238850882721,False
0.0075745,-1.0736362,-1.0812106742019654,1.0812106742019654,False
0.0095557,-1.7550507,-1.7646063591796874,1.7646063591796874,False
0.0096717,-0.96295005,-0.972621750830841,0.972621750830841,False
0.013019,-0.40485102,-0.4178700193824768,0.4178700193824768,False
0.0097778,-2.0722926,-2.0820703662994386,2.0820703662994386,True
0.0082395,-0.7759719,-0.7842113894958496,0.7842113894958496,False
0.060971,-1.178782,-1.2397529862365722,1.2397529862365722,False
0.0097262,-0.28397724,-0.2937034403240204,0.2937034403240204,False
0.0085768,-0.18784723,-0.19642402685813903,0.19642402685813903,False
0.0079681,0.33672008,0.3287519791835785,0.3287519791835785,False
0.018565,-2.7395475,-2.7581124910736086,2.7581124910736086,True
0.029418,-1.2362907,-1.265708693283081,1.265708693283081,False
0.87578,-0.38773265,-1.2635126548099518,1.2635126548099518,False
0.0088038,-0.9370235,-0.9458273204696656,0.9458273204696656,False
0.0088886,-1.2778549,-1.2867435194335937,1.2867435194335937,False
0.0087888,-2.2005715,-2.2093603370178223,2.2093603370178223,True
0.0091962,-1.0184479,-1.0276440759765626,1.0276440759765626,False
0.007473,-0.9840002,-0.9914732059936523,0.9914732059936523,False
0.01234,-2.4358978,-2.4482378271484375,2.4482378271484375,True
0.030872,-1.0114833,-1.0423553116531372,1.0423553116531372,False
0.0087883,-1.777202,-1.785990310154724,1.785990310154724,True
0.0097259,-1.7369373,-1.7466631844696046,1.7466631844696046,False
0.00809,-1.3032736,-1.3113635586166381,1.3113635586166381,False
0.0085181,-2.0253403,-2.0338584186798094,2.0338584186798094,True
0.015369,-0.03538233,-0.05075133041763306,0.05075133041763306,False
0.027457,-0.69006073,-0.7175177347488403,0.7175177347488403,False
0.0090559,-0.68468946,-0.693745362184906,0.693745362184906,False
0.020107,0.127341,0.10723400222587585,0.10723400222587585,False
0.0094427,-1.8197247,-1.829167378993225,1.829167378993225,True
0.0077603,0.20910251,0.20134221140594483,0.20134221140594483,False
0.016932,0.16570425,0.14877225033569336,0.14877225033569336,False
0.0085307,-0.4489591,-0.4574898121673584,0.4574898121673584,False
0.0081791,-0.3902202,-0.39839929505500793,0.39839929505500793,False
0.015899,-0.75540006,-0.7712990616073608,0.7712990616073608,False
0.0075367,-1.7695011,-1.7770377900497436,1.7770377900497436,True
0.0078415,-0.8078933,-0.8157347762145996,0.8157347762145996,False
0.014719,-0.89926994,-0.9139889384689331,0.9139889384689331,False
0.014879,0.4487204,0.433841395565033,0.433841395565033,False
0.010122,-0.74911,-0.7592319834442138,0.7592319834442138,False
0.0074774,-0.703417,-0.7108944031547546,0.7108944031547546,False
0.0079263,-0.7519343,-0.759860589932251,0.759860589932251,False
0.0079399,0.9111755,0.9032355894256592,0.9032355894256592,False
0.052415,-0.69612986,-0.7485448584938049,0.7485448584938049,False
0.009326,-0.8412862,-0.8506121824035644,0.8506121824035644,False
0.0075198,0.95601505,0.9484952504112244,0.9484952504112244,False
0.0098213,-0.703417,-0.7132383031547547,0.7132383031547547,False
0.010488,-0.18085039,-0.19133838661956787,0.19133838661956787,False
0.0080095,-1.18119,-1.189199513885498,1.189199513885498,False
0.0079153,-1.8678149,-1.8757301984909058,1.8757301984909058,True
0.0094188,-0.7774034,-0.7868222142494201,0.7868222142494201,False
0.008651,-0.703417,-0.7120680031547546,0.7120680031547546,False
0.056762,-1.0486557,-1.1054177483673095,1.1054177483673095,False
0.017011,0.1831603,0.16614930502319336,0.16614930502319336,False
0.017959,0.90561867,0.8876596676025391,0.8876596676025391,False
0.0094334,-1.8224711,-1.8319045418151856,1.8319045418151856,True
0.0089265,0.40677583,0.3978493321762085,0.3978493321762085,False
0.05168,-0.042604744,-0.0942847444343567,0.0942847444343567,False
0.006662,-0.31112647,-0.3177884705657959,0.3177884705657959,False
0.0084255,-0.55095613,-0.559381630027771,0.559381630027771,False
0.01575,-0.84716576,-0.8629157633781434,0.8629157633781434,False
0.0098058,0.3831501,0.37334430070800784,0.37334430070800784,False
0.010721,-0.9236047,-0.9343257267913818,0.9343257267913818,False
0.00814,-0.95061684,-0.9587568365478516,0.9587568365478516,False
0.0086423,-1.0370629,-1.0457051833770752,1.0457051833770752,False
0.015395,-1.141456,-1.1568510079574585,1.1568510079574585,False
0.0071846,0.07671547,0.06953086936035156,0.06953086936035156,False
0.023359,-1.0301657,-1.053524672302246,1.053524672302246,False
0.056403,-0.4268307,-0.4832337089805603,0.4832337089805603,False
0.012795,-1.508844,-1.521639017982483,1.521639017982483,False
0.0094013,-1.0454769,-1.0548782134521484,1.0548782134521484,False
0.0087562,-1.6974564,-1.7062125598632814,1.7062125598632814,False
0.0092088,-1.5584264,-1.5676351801574706,1.5676351801574706,False
0.053632,-0.2768708,-0.3305027871437073,0.3305027871437073,False
0.0076946,-0.9743092,-0.9820038060089111,0.9820038060089111,False
0.028899,-1.8336844,-1.8625834444274902,1.8625834444274902,True
0.0092341,-0.35337377,-0.3626078659454346,0.3626078659454346,False
0.012143,-1.8691615,-1.8813044866256714,1.8813044866256714,True
0.0071796,-1.113745,-1.1209245741363525,1.1209245741363525,False
0.018124,-1.0362705,-1.0543944992294312,1.0543944992294312,False
0.0096808,-0.81758666,-0.8272674603851319,0.8272674603851319,False
0.0093879,-1.2793375,-1.2887254253677367,1.2887254253677367,False
0.038303,-0.55103517,-0.5893381657867431,0.5893381657867431,False
0.063985,-0.44455698,-0.5085419813251495,0.5085419813251495,False
0.0099054,0.032520622,0.022615222014999388,0.022615222014999388,False
0.009553,-0.7159065,-0.7254595008163452,0.7254595008163452,False
0.0083923,-1.4342476,-1.442639912953186,1.442639912953186,False
0.0076108,-0.89066935,-0.8982801458557129,0.8982801458557129,False
0.0071711,-0.0589,-0.06607109866485596,0.06607109866485596,False
0.0091663,-0.06418711,-0.07335340947036743,0.07335340947036743,False
0.0085964,-1.0141357,-1.0227321183456421,1.0227321183456421,False
0.0077505,-0.24259263,-0.2503431327705383,0.2503431327705383,False
0.011889,-0.6490161,-0.6609050822868348,0.6609050822868348,False
0.011161,-1.9251251,-1.9362861220703125,1.9362861220703125,True
0.016116,0.42965138,0.4135353795852661,0.4135353795852661,False
0.0080016,-0.5580048,-0.5660063965049744,0.5660063965049744,False
0.0078013,-0.18244559,-0.19024688572769166,0.19024688572769166,False
0.014203,0.2399224,0.2257194042892456,0.2257194042892456,False
0.0099495,0.56573576,0.5557862573509216,0.5557862573509216,False
0.015589,0.9424888,0.9268997895584107,0.9268997895584107,False
0.0078801,-1.2656648,-1.27354491590271,1.27354491590271,False
0.0087706,-0.74559516,-0.7543657571464538,0.7543657571464538,False
0.0085006,-0.44742638,-0.45592697872695925,0.45592697872695925,False
0.040995,0.25419828,0.21320328295707702,0.21320328295707702,False
0.021081,-0.54288393,-0.5639649325904846,0.5639649325904846,False
0.017963,-0.5773705,-0.5953335244064331,0.5953335244064331,False
0.0097652,1.2808154,1.271050162930298,1.271050162930298,False
0.0093351,-0.38670325,-0.3960383527923584,0.3960383527923584,False
0.013685,-0.02401936,-0.037704360542297366,0.037704360542297366,False
0.0098641,-0.5993409,-0.6092050156799317,0.6092050156799317,False
0.0081688,-0.10792911,-0.11609791052703858,0.11609791052703858,False
0.014485,-0.1248993,-0.13938429795265198,0.13938429795265198,False
0.0076427,-0.81262636,-0.8202690618469238,0.8202690618469238,False
0.0083143,-0.81212795,-0.820442247807312,0.820442247807312,False
0.0076667,1.0412736,1.033606893902588,1.033606893902588,False
0.01276,0.8411786,0.8284185960197449,0.8284185960197449,False
0.0093617,-0.17391199,-0.18327368873519898,0.18327368873519898,False
0.0072969,-0.35798627,-0.36528317138137817,0.36528317138137817,False
0.0092798,0.10879648,0.09951667731781005,0.09951667731781005,False
0.014031,0.73177844,0.7177474428596496,0.7177474428596496,False
0.0069616,-0.74920225,-0.7561638514343262,0.7561638514343262,False
0.0072224,-0.43237525,-0.4395976522468567,0.4395976522468567,False
0.0090424,0.87063,0.8615876258636475,0.8615876258636475,False
0.030077,0.02446267,-0.0056143299121856685,0.0056143299121856685,False
0.0083199,-0.8898045,-0.898124382460022,0.898124382460022,False
0.0083939,-1.963496,-1.9718898697723388,1.9718898697723388,True
0.017658,-0.65608317,-0.6737411665992736,0.6737411665992736,False
0.010753,-1.1476079,-1.1583609225540161,1.1583609225540161,False
0.022715,0.26027095,0.23755595317840578,0.23755595317840578,False
0.017477,-0.7485458,-0.7660228254814148,0.7660228254814148,False
0.025384,-2.0310931,-2.056477120574951,2.056477120574951,True
0.013016,-0.0046764016,-0.017692401615142822,0.017692401615142822,False
0.017682,-0.6984977,-0.7161797126121521,0.7161797126121521,False
0.0088564,-0.3916489,-0.40050528858795165,0.40050528858795165,False
0.0075707,-1.1783668,-1.185937480281067,1.185937480281067,False
0.0093697,-1.3640935,-1.373463242098999,1.373463242098999,False
0.008055,-0.35617322,-0.3642282172966003,0.3642282172966003,False
0.0079866,-1.9941969,-2.002183491784668,2.002183491784668,True
0.01382,0.21986306,0.20604305713653565,0.20604305713653565,False
0.015912,0.666853,0.6509410106544494,0.6509410106544494,False
0.0096426,-1.918025,-1.927667616784668,1.927667616784668,True
0.0093594,-1.3331141,-1.3424735471862792,1.3424735471862792,False
0.0073409,-1.6004351,-1.6077760377487182,1.6077760377487182,False
0.0076308,-1.3770186,-1.3846493708999634,1.3846493708999634,False
0.014554,-0.40573645,-0.42029044638061525,0.42029044638061525,False
0.0089949,-0.8131332,-0.822128080141449,0.822128080141449,False
0.014017,-0.20417714,-0.2181941411895752,0.2181941411895752,False
0.0081806,-0.77088964,-0.7790702398544311,0.7790702398544311,False
0.017045,-0.94581,-0.9628550199699402,0.9628550199699402,False
0.00843,-1.0759379,-1.0843678671646118,1.0843678671646118,False
0.0085404,-1.0857744,-1.0943148216918945,1.0943148216918945,False
0.0087609,-0.88903576,-0.8977966613563537,0.8977966613563537,False
0.0094906,-1.3492917,-1.358782282243347,1.358782282243347,False
0.0086059,-1.4663254,-1.4749313022598267,1.4749313022598267,False
0.0090537,-0.39846265,-0.4075163531600952,0.4075163531600952,False
0.0092328,-1.9883476,-1.9975804495742797,1.9975804495742797,True
0.01396,-0.692294,-0.7062540015792846,0.7062540015792846,False
0.012877,-0.954466,-0.9673429852981568,0.9673429852981568,False
0.0098858,-1.7070774,-1.716963183995056,1.716963183995056,False
0.012404,0.4721731,0.45976909474945066,0.45976909474945066,False
0.016118,-0.85748994,-0.8736079435043335,0.8736079435043335,False
0.0087208,-1.2884196,-1.2971404043014527,1.2971404043014527,False
0.0065456,-1.6999705,-1.7065160837799072,1.7065160837799072,False
0.022047,-0.70080876,-0.7228557635040284,0.7228557635040284,False
0.014745,-2.241888,-2.2566330462646484,2.2566330462646484,True
0.010907,-0.31281352,-0.32372052043151855,0.32372052043151855,False
0.01672,0.80442953,0.7877095310974122,0.7877095310974122,False
0.01946,0.15847212,0.13901212076187133,0.13901212076187133,False
0.01845,-2.6870794,-2.705529429626465,2.705529429626465,True
0.038896,0.7129675,0.6740715149917602,0.6740715149917602,False
0.0089747,-1.4077725,-1.4167472410461426,1.4167472410461426,False
0.008794,-1.5896183,-1.5984123252334594,1.5984123252334594,False
0.017376,-0.35848385,-0.37585985095596314,0.37585985095596314,False
0.0084245,-2.0980117,-2.1064362321014403,2.1064362321014403,True
0.009344,-0.4592699,-0.4686139110507965,0.4686139110507965,False
0.0079203,-0.76265526,-0.7705755581787109,0.7705755581787109,False
0.0083212,-0.21594816,-0.2242693644630432,0.2242693644630432,False
0.014395,-1.9818377,-1.996232749481201,1.996232749481201,True
0.0088192,-0.23779517,-0.2466143741218567,0.2466143741218567,False
0.014474,-0.1970284,-0.21150239851379393,0.21150239851379393,False
0.0082928,-1.0397602,-1.0480530319717407,1.0480530319717407,False
0.0079523,-0.6032863,-0.6112386259315491,0.6112386259315491,False
0.0088872,-1.3941588,-1.4030460401794433,1.4030460401794433,False
0.0075545,-1.0397315,-1.047286002532959,1.047286002532959,False
0.042621,-0.1918593,-0.23448030490493774,0.23448030490493774,False
0.0068068,0.027115747,0.020308947332572935,0.020308947332572935,False
0.0095405,-1.5389816,-1.548522056892395,1.548522056892395,False
0.01342,-0.8991184,-0.912538423461914,0.912538423461914,False
0.0087901,-0.9944916,-1.0032816771484374,1.0032816771484374,False
0.0090176,-0.5590353,-0.568052901208496,0.568052901208496,False
0.0079432,-1.1926455,-1.2005887497741698,1.2005887497741698,False
0.0099206,0.21650589,0.20658528512420654,0.20658528512420654,False
0.013817,-0.42748186,-0.4412988599224091,0.4412988599224091,False
0.01467,-0.9754468,-0.9901168202590942,0.9901168202590942,False
0.043284,-0.8156363,-0.8589202771987915,0.8589202771987915,False
0.0092389,-1.2398746,-1.2491135013641357,1.2491135013641357,False
0.0073771,-0.8069807,-0.8143578291030884,0.8143578291030884,False
0.0088784,0.9778705,0.968992123929596,0.968992123929596,False
0.007471,-0.6573694,-0.6648403752288818,0.6648403752288818,False
0.0082984,-0.568764,-0.5770623713287354,0.5770623713287354,False
0.013884,-1.3546715,-1.3685554782714844,1.3685554782714844,False
0.0086223,0.9833951,0.9747727996398926,0.9747727996398926,False
0.0076364,-0.9877156,-0.9953520019210815,0.9953520019210815,False
0.0091154,-1.0426877,-1.0518030544952393,1.0518030544952393,False
0.017974,0.9233964,0.9054224085578918,0.9054224085578918,False
0.012056,0.47343755,0.4613815476837158,0.4613815476837158,False
0.045619,-1.8789675,-1.9245865235748292,1.9245865235748292,True
0.0096761,-0.20298973,-0.21266582725868224,0.21266582725868224,False
0.034307,-0.3101716,-0.3444786041564941,0.3444786041564941,False
0.015614,0.15913475,0.14352074559783937,0.14352074559783937,False
0.0099925,-0.6972961,-0.7072885829734802,0.7072885829734802,False
0.01385,-1.4186956,-1.432545569038391,1.432545569038391,False
0.0086133,0.30102852,0.2924152198688507,0.2924152198688507,False
0.016125,1.1084883,1.0923633213043213,1.0923633213043213,False
0.0075567,-0.7955067,-0.8030634157745361,0.8030634157745361,False
0.0075288,-1.2150728,-1.222601551045227,1.222601551045227,False
0.0091001,-1.3485953,-1.3576953615737914,1.3576953615737914,False
0.009609,0.050904453,0.04129545280075073,0.04129545280075073,False
0.0096695,-0.43370593,-0.4433754259414673,0.4433754259414673,False
0.0084769,-1.1403244,-1.148801254171753,1.148801254171753,False
0.044506,-0.61971956,-0.6642255649147034,0.6642255649147034,False
0.0084864,-0.84465533,-0.8531417349494934,0.8531417349494934,False
0.0080891,-1.9548217,-1.9629108058181763,1.9629108058181763,True
0.0096473,-0.99589276,-1.0055400631378173,1.0055400631378173,False
0.01202,-0.22357386,-0.23559386350631714,0.23559386350631714,False
0.032596,-1.414119,-1.4467150052032471,1.4467150052032471,False
0.0090213,-1.400713,-1.4097342669189452,1.4097342669189452,False
0.0085218,-0.118156254,-0.12667805429153442,0.12667805429153442,False
0.047288,-0.47146058,-0.5187485808258057,0.5187485808258057,False
0.0098261,-0.9112454,-0.9210715056739807,0.9210715056739807,False
0.010764,0.14798892,0.13722491544342041,0.13722491544342041,False
0.009818,-0.8124653,-0.8222833100967407,0.8222833100967407,False
0.0093085,0.32207555,0.3127670457878113,0.3127670457878113,False
0.0071919,-1.3429418,-1.3501336610168457,1.3501336610168457,False
0.016182,-2.1110425,-2.1272244995422365,2.1272244995422365,True
0.0083508,-1.8560288,-1.8643795952423097,1.8643795952423097,True
0.0097275,-1.2019826,-1.2117101173782348,1.2117101173782348,False
0.0099352,-2.1721082,-2.1820433733703615,2.1820433733703615,True
0.014386,-0.43976903,-0.4541550296173096,0.4541550296173096,False
0.0098588,-0.6209614,-0.6308202276885986,0.6308202276885986,False
0.006639,-1.0697305,-1.0763695202484131,1.0763695202484131,False
0.0089338,-0.7002042,-0.7091379935920715,0.7091379935920715,False
0.017895,-1.2178919,-1.2357869315338135,1.2357869315338135,False
0.025877,-0.14714772,-0.17302471509170533,0.17302471509170533,False
0.0098821,-0.84686506,-0.8567471579452515,0.8567471579452515,False
0.0089037,-1.1052566,-1.1141602574645997,1.1141602574645997,False
0.021749,-1.5070271,-1.5287761492004395,1.5287761492004395,False
0.0118,-1.6631706,-1.674970576095581,1.674970576095581,False
0.0083085,-0.9796674,-0.9879759251556397,0.9879759251556397,False
0.0089833,-0.5476862,-0.5566695192153931,0.5566695192153931,False
0.0092795,-0.7901605,-0.7994399771614075,0.7994399771614075,False
0.0081138,-0.58747137,-0.5955851659286499,0.5955851659286499,False
0.012875,-1.7123066,-1.7251816186904907,1.7251816186904907,False
0.0077296,-0.59172314,-0.5994527440544128,0.5994527440544128,False
0.027845,-2.3070068,-2.3348518359375,2.3348518359375,True
0.0096908,-0.5365168,-0.5462075856216431,0.5462075856216431,False
0.03761,0.90572107,0.8681110683822632,0.8681110683822632,False
0.015605,-0.6012883,-0.6168933186340332,0.6168933186340332,False
0.0098591,0.17205581,0.16219671068992614,0.16219671068992614,False
0.0092424,0.8236096,0.8143671905303955,0.8143671905303955,False
0.01538,1.033985,1.0186050187301636,1.0186050187301636,False
0.019626,-0.00074762106,-0.020373621059417726,0.020373621059417726,False
0.0094282,-0.0050444603,-0.014472660296630859,0.014472660296630859,False
0.0085742,-0.28262615,-0.2912003520385742,0.2912003520385742,False
0.0083628,-0.1015285,-0.10989130300073624,0.10989130300073624,False
0.0074666,-0.039460212,-0.0469268119922638,0.0469268119922638,False
0.01355,0.24673262,0.23318262238502502,0.23318262238502502,False
0.044761,-0.8653698,-0.9101307967529297,0.9101307967529297,False
0.039705,-1.8191679,-1.8588728524017335,1.8588728524017335,True
0.0080122,-1.2427245,-1.2507367378494263,1.2507367378494263,False
0.0099303,1.0009785,0.9910481698486329,0.9910481698486329,False
0.012685,0.14712632,0.13444131702423096,0.13444131702423096,False
0.0092366,-0.6367876,-0.6460241933647156,0.6460241933647156,False
0.0091705,-1.1212332,-1.1304037248687744,1.1304037248687744,False
0.0075111,0.7964165,0.7889054210723877,0.7889054210723877,False
0.011065,0.49120003,0.4801350298500061,0.4801350298500061,False
0.017309,-0.6343721,-0.6516811151351929,0.6516811151351929,False
0.014582,-0.4395345,-0.4541164853401184,0.4541164853401184,False
0.0077016,-0.009741902,-0.017443502351379394,0.017443502351379394,False
0.011307,-0.20621073,-0.21751773246002198,0.21751773246002198,False
0.0085688,-1.3360012,-1.34456995776062,1.34456995776062,False
0.019321,-0.48223323,-0.5015542262992859,0.5015542262992859,False
0.011117,-0.5616758,-0.5727927869720459,0.5727927869720459,False
0.0095362,-0.48126522,-0.49080141706581115,0.49080141706581115,False
0.0087838,-1.5745151,-1.5832989042938233,1.5832989042938233,False
0.0096646,0.86964107,0.8599764655975342,0.8599764655975342,False
0.0099477,-1.4410665,-1.4510142035247802,1.4510142035247802,False
0.016096,-2.9776258,-2.993721846862793,2.993721846862793,True
0.0085033,-0.8911954,-0.8996987164505005,0.8996987164505005,False
0.03777,-0.53658783,-0.5743578343582153,0.5743578343582153,False
0.012028,-1.1628876,-1.1749155732421874,1.1749155732421874,False
0.0088358,-1.6015801,-1.6104159429748535,1.6104159429748535,False
0.0087174,-2.9530873,-2.961804729864502,2.961804729864502,True
0.0091047,-1.7219858,-1.7310905169555664,1.7310905169555664,False
0.0084657,-2.4756367,-2.4841024206573485,2.4841024206573485,True
0.0094018,-1.5010391,-1.5104409473770142,1.5104409473770142,False
0.0079673,-0.80694556,-0.8149128623626709,0.8149128623626709,False
0.0084869,-1.4642595,-1.4727464052719117,1.4727464052719117,False
0.0081718,0.044288635,0.03611683525390625,0.03611683525390625,False
0.010522,-0.6036237,-0.6141456882209778,0.6141456882209778,False
0.01192,-1.772464,-1.7843840369415283,1.7843840369415283,True
0.022568,0.040233523,0.01766552265357971,0.01766552265357971,False
0.008476,-2.1065786,-2.1150545884857177,2.1150545884857177,True
0.01311,-0.6616312,-0.6747412265396118,0.6747412265396118,False
0.013799,-0.5964935,-0.6102924825897217,0.6102924825897217,False
0.049674,-1.6507044,-1.7003783838500977,1.7003783838500977,False
0.048012,-0.62021047,-0.6682224687690734,0.6682224687690734,False
0.0091895,-1.433444,-1.4426335231323242,1.4426335231323242,False
0.0096391,-1.2984977,-1.3081367768493652,1.3081367768493652,False
0.0083863,-1.2755916,-1.2839779118621826,1.2839779118621826,False
0.0088173,0.7648864,0.7560690792419433,0.7560690792419433,False
0.0097806,-1.1097977,-1.119578316140747,1.119578316140747,False
0.0078454,-0.7482581,-0.756103513861084,0.756103513861084,False
0.007554,0.7398891,0.7323350852928162,0.7323350852928162,False
0.0085939,-2.241294,-2.2498878071655275,2.2498878071655275,True
1.0717,-0.41390726,-1.4856072597026826,1.4856072597026826,False
0.0087368,0.1709751,0.16223830397434236,0.16223830397434236,False
0.0152,0.28716847,0.2719684730052948,0.2719684730052948,False
0.0088213,-0.91446334,-0.9232846412361145,0.9232846412361145,False
0.047531,-0.5484871,-0.59601812682724,0.59601812682724,False
0.0084083,-1.0102253,-1.0186335960205077,1.0186335960205077,False
0.01859,0.67535746,0.656767460975647,0.656767460975647,False
0.014641,0.2894093,0.2747683096256256,0.2747683096256256,False
0.012727,-0.5458004,-0.5585273878593445,0.5585273878593445,False
0.013463,1.0712028,1.0577397549743652,1.0577397549743652,False
0.0082668,-0.3631022,-0.37136899764709475,0.37136899764709475,False
0.0082675,-0.052540123,-0.060807623462677,0.060807623462677,False
0.0098045,0.4428643,0.4330597988204956,0.4330597988204956,False
0.010405,0.4092673,0.3988623063278198,0.3988623063278198,False
0.0081701,-1.3937223,-1.4018923957611085,1.4018923957611085,False
0.0085809,-0.6632015,-0.6717824109062195,0.6717824109062195,False
0.012162,0.5413695,0.5292074977760315,0.5292074977760315,False
0.011135,-0.2335386,-0.24467359782218934,0.24467359782218934,False
0.0094028,-0.5401794,-0.5495821718338013,0.5495821718338013,False
0.0076128,-0.26704347,-0.2746562713363647,0.2746562713363647,False
0.0088171,0.264498,0.2556808953765869,0.2556808953765869,False
0.0089133,-0.06908995,-0.07800324913101196,0.07800324913101196,False
0.0096838,-0.7479559,-0.7576397183120728,0.7576397183120728,False
0.0064998,-0.6632015,-0.6697013109062195,0.6697013109062195,False
0.012442,-0.761903,-0.7743449879570007,0.7743449879570007,False
0.0068686,-0.7384714,-0.7453399888168335,0.7453399888168335,False
0.017732,-2.3500443,-2.3677762504882813,2.3677762504882813,True
0.01309,0.6544852,0.6413952256774902,0.6413952256774902,False
0.0099116,-0.957081,-0.9669926198783875,0.9669926198783875,False
0.0097934,-0.8275473,-0.8373407117828369,0.8373407117828369,False
0.0081373,-0.9909582,-0.9990955138061524,0.9990955138061524,False
0.015514,-1.1507761,-1.1662901478424073,1.1662901478424073,False
0.016027,-0.1750223,-0.19104930405807496,0.19104930405807496,False
0.014725,0.40552104,0.390796035194397,0.390796035194397,False
0.0095713,-1.0110075,-1.02057884737854,1.02057884737854,False
0.018569,0.17663884,0.15806984162902832,0.15806984162902832,False
0.0092249,-0.107655585,-0.1168804848121643,0.1168804848121643,False
0.0092214,-1.1748382,-1.1840595853103637,1.1840595853103637,False
0.0082889,-1.1626123,-1.1709012189926147,1.1709012189926147,False
0.01815,-0.5869957,-0.6051457208633423,0.6051457208633423,False
0.0092263,-0.9668685,-0.97609481978302,0.97609481978302,False
0.019451,-0.70687854,-0.7263295429000854,0.7263295429000854,False
0.020659,-2.4753928,-2.496051818450928,2.496051818450928,True
0.01169,-1.0207515,-1.0324414762878418,1.0324414762878418,False
0.0098993,0.844911,0.835011679270935,0.835011679270935,False
0.0091692,-0.8034545,-0.8126237183181763,0.8126237183181763,False
0.014429,-0.52551425,-0.5399432450332642,0.5399432450332642,False
0.014225,-1.324877,-1.3391020236968993,1.3391020236968993,False
0.012327,0.30207443,0.2897474323730469,0.2897474323730469,False
0.0085043,-0.29721105,-0.3057153509872437,0.3057153509872437,False
0.0086121,-0.4438667,-0.45247879993400575,0.45247879993400575,False
0.009821,-0.551517,-0.5613380097351074,0.5613380097351074,False
0.018858,0.023669302,0.004811302463531494,0.004811302463531494,False
0.0080319,-1.1365169,-1.1445488286727905,1.1445488286727905,False
0.056481,-0.5522399,-0.6087208948669434,0.6087208948669434,False
0.0096611,-0.31152052,-0.321181616872406,0.321181616872406,False
0.017496,0.098395914,0.08089991383934021,0.08089991383934021,False
0.017027,-0.0023339987,-0.019360998680114747,0.019360998680114747,False
0.02426,-0.8783215,-0.9025815284347534,0.9025815284347534,False
0.022169,0.3985737,0.3764046966133118,0.3764046966133118,False
0.009372,-0.62087595,-0.6302479546279908,0.6302479546279908,False
0.019042,0.9358821,0.9168400915222168,0.9168400915222168,False
0.0091695,-0.5960411,-0.6052105833358765,0.6052105833358765,False
0.012475,-0.76646584,-0.7789408427238464,0.7789408427238464,False
0.008086,-1.1270355,-1.1351214986190796,1.1351214986190796,False
0.0071112,-0.3439176,-0.3510288082611084,0.3510288082611084,False
0.0078904,0.287493,0.2796025904937744,0.2796025904937744,False
0.013708,0.8374475,0.8237395240707397,0.8237395240707397,False
0.0088693,-1.3271754,-1.3360446787994384,1.3360446787994384,False
0.0091235,-0.67454416,-0.6836676555976867,0.6836676555976867,False
0.0096184,-0.51721907,-0.5268374666198731,0.5268374666198731,False
0.0343,-0.76904505,-0.8033450549125671,0.8033450549125671,False
0.022787,-2.5122216,-2.5350085747833253,2.5350085747833253,True
0.017966,-1.8009636,-1.8189296402130126,1.8189296402130126,True
0.0094326,-0.10703057,-0.11646317050704956,0.11646317050704956,False
0.0084508,-0.54738075,-0.5558315454109192,0.5558315454109192,False
0.0084776,-0.6927352,-0.7012127951599121,0.7012127951599121,False
0.01056,-1.0896795,-1.100239479598999,1.100239479598999,False
0.0086775,-0.6319892,-0.6406666810417175,0.6406666810417175,False
0.02353,-0.9867005,-1.010230475215912,1.010230475215912,False
0.012566,-0.36699915,-0.3795651493225098,0.3795651493225098,False
0.0084803,-0.38405836,-0.3925386562850952,0.3925386562850952,False
0.013727,-0.8343748,-0.8481017854232789,0.8481017854232789,False
0.0095429,-1.8994259,-1.9089687642196655,1.9089687642196655,True
0.0095022,-0.2102617,-0.2197639025375366,0.2197639025375366,False
0.0080134,-1.25295,-1.2609633530792237,1.2609633530792237,False
0.0084833,-1.0471497,-1.055632958203125,1.055632958203125,False
0.0081093,0.22588062,0.21777132286376955,0.21777132286376955,False
0.0083523,-0.557602,-0.5659542883155823,0.5659542883155823,False
0.0099507,0.2717644,0.2618136976211548,0.2618136976211548,False
0.0087835,-0.36283562,-0.3716191158733368,0.3716191158733368,False
0.0080811,0.16552812,0.15744701861038207,0.15744701861038207,False
0.0179,-1.3598522,-1.3777521947860718,1.3777521947860718,False
0.015446,-1.408743,-1.4241890238723756,1.4241890238723756,False
0.014679,-1.5286865,-1.5433655234375,1.5433655234375,False
0.017357,-0.8996624,-0.9170193754501342,0.9170193754501342,False
0.015333,1.04757,1.032236990158081,1.032236990158081,False
0.018325,-0.2423935,-0.26071849365234373,0.26071849365234373,False
0.011932,1.2555287,1.243596688430786,1.243596688430786,False
0.0086228,-0.4888888,-0.49751160014419554,0.49751160014419554,False
0.0082257,-0.5663964,-0.5746221152336121,0.5746221152336121,False
0.014006,-1.7153322,-1.7293381504592895,1.7293381504592895,False
0.0091975,-0.56688786,-0.5760853555297851,0.5760853555297851,False
0.023049,0.0068264008,-0.016222599243164063,0.016222599243164063,False
0.015028,-0.8842244,-0.8992524148254395,0.8992524148254395,False
0.0082174,-0.002985321,-0.01120272098531723,0.01120272098531723,False
0.0081725,-1.68122,-1.6893925546264648,1.6893925546264648,False
0.017018,0.7088646,0.6918466292686463,0.6918466292686463,False
0.0090617,-0.5277106,-0.5367723165885925,0.5367723165885925,False
0.022607,-0.51060057,-0.5332075668640137,0.5332075668640137,False
0.016152,-0.77615094,-0.7923029418487548,0.7923029418487548,False
0.013146,-1.0763865,-1.0895324517211915,1.0895324517211915,False
0.0091774,-0.34943682,-0.35861421955337525,0.35861421955337525,False
0.019679,-1.2196765,-1.2393554945983887,1.2393554945983887,False
0.040486,0.27303597,0.2325499733104706,0.2325499733104706,False
0.0086052,0.2582139,0.24960870748023986,0.24960870748023986,False
0.0087957,0.5392095,0.5304137850540162,0.5304137850540162,False
0.018209,-0.9773802,-0.9955892161216736,0.9955892161216736,False
0.0090552,-1.3688252,-1.3778803972198486,1.3778803972198486,False
0.0086067,1.6792915,1.6706847867401122,1.6706847867401122,False
0.0085937,1.1022425,1.0936487697875976,1.0936487697875976,False
0.009692,2.0389488,2.0292567743377687,2.0292567743377687,True
0.011173,-1.0275992,-1.0387722155075074,1.0387722155075074,False
0.016425,-0.86908233,-0.8855073316574097,0.8855073316574097,False
0.0081815,-0.54442286,-0.5526043649139404,0.5526043649139404,False
0.009531,-0.8284081,-0.8379391220626831,0.8379391220626831,False
0.0086149,0.4032991,0.39468419324646,0.39468419324646,False
0.0073425,-0.4749027,-0.48224518945693967,0.48224518945693967,False
0.009401,0.39062965,0.3812286491622925,0.3812286491622925,False
0.010632,-0.9224757,-0.9331076956100464,0.9331076956100464,False
0.015231,-0.10728702,-0.12251801949119567,0.12251801949119567,False
0.01466,-1.3356624,-1.3503223649597167,1.3503223649597167,False
0.016616,-0.8784738,-0.8950898183021545,0.8950898183021545,False
0.018642,-0.4299738,-0.4486158109111786,0.4486158109111786,False
0.0091474,0.38635114,0.37720373835334775,0.37720373835334775,False
0.0082185,-0.57321787,-0.5814363688049317,0.5814363688049317,False
0.02396,-0.74874175,-0.7727017459487915,0.7727017459487915,False
0.0088892,-1.5354432,-1.5443323867599488,1.5443323867599488,False
0.0088625,-0.18073648,-0.1895989821434021,0.1895989821434021,False
0.012889,-0.5653466,-0.5782355986251831,0.5782355986251831,False
0.0091722,-0.060229108,-0.0694013077375412,0.0694013077375412,False
0.0081227,-0.96413994,-0.9722626383544922,0.9722626383544922,False
0.012576,0.7958861,0.7833100993385315,0.7833100993385315,False
0.0092048,-0.5661651,-0.5753698896072388,0.5753698896072388,False
0.031909,0.5686142,0.5367051848564148,0.5367051848564148,False
0.012045,-0.5830552,-0.5951001981925964,0.5951001981925964,False
0.0099698,-0.6298151,-0.6397849016235352,0.6397849016235352,False
0.0086589,-1.5010369,-1.5096957824005126,1.5096957824005126,False
0.0099589,-1.9510915,-1.9610504279388428,1.9610504279388428,True
0.0079267,0.15960087,0.1516741688211441,0.1516741688211441,False
0.009143,-1.5536461,-1.5627890876464843,1.5627890876464843,False
0.054667,-1.201747,-1.256413940612793,1.256413940612793,False
0.0082408,-0.43159986,-0.4398406554229736,0.4398406554229736,False
0.0081567,-0.6256431,-0.6337997745124817,0.6337997745124817,False
0.017475,-0.7924279,-0.8099028974533081,0.8099028974533081,False
0.024164,-0.47661564,-0.5007796375408172,0.5007796375408172,False
0.012521,-0.52869916,-0.5412201596221924,0.5412201596221924,False
0.016679,0.30981213,0.29313312854385376,0.29313312854385376,False
0.00956,-0.28020167,-0.28976167350769044,0.28976167350769044,False
0.0075898,-0.7815955,-0.7891853281257629,0.7891853281257629,False
0.0084325,-0.57093287,-0.5793653651428222,0.5793653651428222,False
0.01873,-0.28542864,-0.30415864322662356,0.30415864322662356,False
0.020687,-0.49965313,-0.5203401307697296,0.5203401307697296,False
0.010825,-0.22191995,-0.2327449538230896,0.2327449538230896,False
0.0097701,-0.44906634,-0.45883644092330933,0.45883644092330933,False
0.016065,0.011750519,-0.004314480724334716,0.004314480724334716,False
0.0082087,0.46448034,0.45627164048080443,0.45627164048080443,False
0.0093014,0.59467494,0.5853735448776245,0.5853735448776245,False
0.0079763,0.13656062,0.1285843188774109,0.1285843188774109,False
0.020203,-0.35451102,-0.374714022567749,0.374714022567749,False
0.020449,-0.40683323,-0.4272822314491272,0.4272822314491272,False
0.013275,-0.96596396,-0.9792389596939087,0.9792389596939087,False
0.01048,-0.9497278,-0.9602077736663819,0.9602077736663819,False
0.0084306,0.09628156,0.08785095827522278,0.08785095827522278,False
0.0091147,0.07921255,0.07009784634857177,0.07009784634857177,False
0.013823,-0.6596156,-0.6734385762672425,0.6734385762672425,False
0.0096376,-0.2412278,-0.25086540561447146,0.25086540561447146,False
0.010533,0.6579809,0.6474479188842773,0.6474479188842773,False
0.0088216,0.35172433,0.3429027266105652,0.3429027266105652,False
0.0069525,-0.22970039,-0.23665288652420044,0.23665288652420044,False
0.0069375,0.9797188,0.972781304359436,0.972781304359436,False
0.0089113,-1.1956167,-1.2045280221069337,1.2045280221069337,False
0.0086634,-2.1152267,-2.123890145605469,2.123890145605469,True
0.0092021,0.73378754,0.7245854366210938,0.7245854366210938,False
0.01345,-1.2171282,-1.2305781576156616,1.2305781576156616,False
0.015878,0.024134636,0.008256635925292969,0.008256635925292969,False
0.0098307,0.10632345,0.09649275080375672,0.09649275080375672,False
0.016683,-1.1896504,-1.2063334163742065,1.2063334163742065,False
0.0086044,0.28007582,0.2714714183002472,0.2714714183002472,False
0.0086097,-0.38486946,-0.39347915629119873,0.39347915629119873,False
0.0158,-0.05463198,-0.07043197827339173,0.07043197827339173,False
0.00808,0.57888603,0.5708060321044922,0.5708060321044922,False
0.02157,-1.186186,-1.2077559560012818,1.2077559560012818,False
0.050406,-0.5085138,-0.5589198082504272,0.5589198082504272,False
0.00979,-0.07578015,-0.08557015327453613,0.08557015327453613,False
0.0088608,-0.8767181,-0.8855789038856506,0.8855789038856506,False
0.0076309,-0.6730479,-0.6806788001998901,0.6806788001998901,False
0.0072624,-0.25250837,-0.25977077206840515,0.25977077206840515,False
0.0082673,0.9304134,0.9221461249687195,0.9221461249687195,False
0.021435,-1.795007,-1.8164419904327394,1.8164419904327394,True
0.021378,-0.65972114,-0.6810991360931397,0.6810991360931397,False
0.033222,-1.3347445,-1.3679664534301759,1.3679664534301759,False
0.014718,0.7867563,0.7720382770843506,0.7720382770843506,False
0.006079,-0.8671323,-0.8732113060989379,0.8732113060989379,False
0.0091638,-0.20684661,-0.21601040971164703,0.21601040971164703,False
0.013658,-0.40616044,-0.419818444021225,0.419818444021225,False
0.0082075,-0.24168941,-0.24989691378593445,0.24989691378593445,False
0.012051,0.24976748,0.2377164822807312,0.2377164822807312,False
0.01977,-1.3033077,-1.3230776524734498,1.3230776524734498,False
0.0083796,0.38050923,0.372129627514267,0.372129627514267,False
0.009624,-0.10321301,-0.11283701221847534,0.11283701221847534,False
0.015179,-2.179498,-2.194676957229614,2.194676957229614,True
0.022971,-0.5478913,-0.5708623187980651,0.5708623187980651,False
0.0074574,-0.6730479,-0.6805053001998901,0.6805053001998901,False
0.012733,0.12320006,0.11046705893707276,0.11046705893707276,False
0.0077774,-0.99356306,-1.0013404559921264,1.0013404559921264,False
0.02392,-0.49265668,-0.5165766779613495,0.5165766779613495,False
0.018085,-1.4531643,-1.4712493390655517,1.4712493390655517,False
0.0097238,-0.5467584,-0.5564822133148193,0.5564822133148193,False
0.0083042,1.2523522,1.244048037701416,1.244048037701416,False
0.0086715,-0.5062408,-0.5149122851219178,0.5149122851219178,False
0.020076,-0.99156654,-1.01164253881073,1.01164253881073,False
0.010204,-0.5352407,-0.5454447097816467,0.5454447097816467,False
0.0084417,-1.3653748,-1.373816503543091,1.373816503543091,False
0.015648,-0.6672323,-0.6828802750091553,0.6828802750091553,False
0.0082141,0.31706846,0.3088543576034546,0.3088543576034546,False
0.0082384,-0.8716409,-0.8798793206390381,0.8798793206390381,False
0.0070428,-0.54918325,-0.5562260494735718,0.5562260494735718,False
0.0087022,-1.8049514,-1.8136536293670655,1.8136536293670655,True
0.014588,-0.2622984,-0.27688640517044066,0.27688640517044066,False
0.0079938,-0.40252662,-0.4105204170501709,0.4105204170501709,False
0.019137,0.2620556,0.2429186056499481,0.2429186056499481,False
0.0098099,0.33707958,0.3272696845985413,0.3272696845985413,False
0.0090219,0.1459797,0.13695780247268677,0.13695780247268677,False
0.016363,0.5363094,0.5199464210624695,0.5199464210624695,False
0.0071116,-1.7275625,-1.7346741467300415,1.7346741467300415,False
0.022206,-0.5289827,-0.5511886989173889,0.5511886989173889,False
0.02883,0.8457686,0.8169385708999634,0.8169385708999634,False
0.016965,0.66595936,0.648994358215332,0.648994358215332,False
0.00932,1.8949676,1.8856475559997559,1.8856475559997559,True
0.0093115,-2.2069395,-2.216250958847046,2.216250958847046,True
0.0073803,-0.73594105,-0.7433213524368286,0.7433213524368286,False
0.0097438,-0.37278807,-0.3825318716323853,0.3825318716323853,False
0.0086368,-1.1872545,-1.195891348072815,1.195891348072815,False
0.025309,0.5479417,0.5226326847229004,0.5226326847229004,False
0.0089043,-0.20560849,-0.21451278712921143,0.21451278712921143,False
0.014545,-0.6033596,-0.6179045800399781,0.6179045800399781,False
0.007905,-0.39389893,-0.40180393412590026,0.40180393412590026,False
0.0088009,-1.7873363,-1.7961372494873047,1.7961372494873047,True
0.0094685,-0.13874185,-0.1482103508529663,0.1482103508529663,False
0.0090677,-1.1767204,-1.185788080783081,1.185788080783081,False
0.015451,-0.072114766,-0.08756576564407348,0.08756576564407348,False
0.048071,-1.125773,-1.1738439530334472,1.1738439530334472,False
0.0083669,-0.28591383,-0.2942807250350952,0.2942807250350952,False
0.015233,-2.1958544,-2.2110874254302977,2.2110874254302977,True
0.01307,0.83535266,0.8222826592254638,0.8222826592254638,False
0.0084692,-1.1737192,-1.1821883677093505,1.1821883677093505,False
0.011152,-0.9349284,-0.9460804172058106,0.9460804172058106,False
0.0094442,-0.54918325,-0.5586274494735718,0.5586274494735718,False
0.0098438,0.47955197,0.4697081709587097,0.4697081709587097,False
0.038833,-0.43312776,-0.471960760887146,0.471960760887146,False
0.017255,-0.95155466,-0.9688096560287476,0.9688096560287476,False
0.0093165,-2.094016,-2.1033325751342775,2.1033325751342775,True
0.016061,-1.892715,-1.9087759772644044,1.9087759772644044,True
0.0082289,-0.33176923,-0.33999812798156737,0.33999812798156737,False
0.0075359,-0.6520158,-0.6595517052444458,0.6595517052444458,False
0.018312,-2.4061286,-2.424440644943237,2.424440644943237,True
0.0096754,-0.79555416,-0.8052295610717773,0.8052295610717773,False
0.067752,-1.1025857,-1.1703376733322144,1.1703376733322144,False
0.0076064,-1.0443797,-1.051986111151123,1.051986111151123,False
0.011928,-1.4289491,-1.4408771176605224,1.4408771176605224,False
0.0097649,-1.0412356,-1.0510004661392212,1.0510004661392212,False
0.0082499,-0.6606755,-0.6689254256652832,0.6689254256652832,False
0.012738,-1.0959325,-1.1086704836730956,1.1086704836730956,False
0.0071839,-0.44355375,-0.45073764574661257,0.45073764574661257,False
0.022207,-0.8539456,-0.8761526129074096,0.8761526129074096,False
0.0074427,-0.45176464,-0.4592073431922913,0.4592073431922913,False
0.0073275,-1.1533247,-1.1606522232437133,1.1606522232437133,False
0.0070228,-1.3708217,-1.3778445144012452,1.3778445144012452,False
0.010048,-0.45985866,-0.46990665592956543,0.46990665592956543,False
0.0091743,-0.929425,-0.9385993011444091,0.9385993011444091,False
0.0085339,-0.64220285,-0.6507367541564941,0.6507367541564941,False
0.014921,1.4439389,1.4290178513565064,1.4290178513565064,False
0.0091666,-0.2082138,-0.21738040615234375,0.21738040615234375,False
0.009066,-1.509412,-1.5184780502471924,1.5184780502471924,False
0.034273,0.49488306,0.46061006045532227,0.46061006045532227,False
0.0097049,-1.0637424,-1.0734472992156983,1.0734472992156983,False
0.029881,-0.7408991,-0.7707800859985352,0.7707800859985352,False
0.018762,-2.0731103,-2.091872342025757,2.091872342025757,True
0.036447,-0.93351054,-0.9699575419158936,0.9699575419158936,False
0.0079909,-1.74864,-1.7566308412155152,1.7566308412155152,False
0.0539,0.3710516,0.3171516095161438,0.3171516095161438,False
0.016749,-0.009515703,-0.026264702724456787,0.026264702724456787,False
0.008196,-1.2269913,-1.2351872958145143,1.2351872958145143,False
0.016159,0.07207692,0.055917916694641114,0.055917916694641114,False
0.0094464,-2.93792,-2.947366493536377,2.947366493536377,True
0.010868,-0.4454008,-0.45626880428123473,0.45626880428123473,False
0.070642,-1.567077,-1.6377190406723023,1.6377190406723023,False
0.032482,0.40321207,0.3707300704650879,0.3707300704650879,False
0.016074,-1.6168667,-1.6329407078018188,1.6329407078018188,False
0.0083009,-2.3155282,-2.323829054373169,2.323829054373169,True
0.01477,-1.7284747,-1.743244736213684,1.743244736213684,False
0.0085445,-0.9861949,-0.994739408618927,0.994739408618927,False
0.0075233,-0.88222224,-0.8897455352027893,0.8897455352027893,False
0.015348,-1.0978351,-1.113183063934326,1.113183063934326,False
0.021437,-1.0363908,-1.0578277814025878,1.0578277814025878,False
0.0078598,-2.1782665,-2.1861263252685545,2.1861263252685545,True
0.037569,0.27914417,0.24157516790008546,0.24157516790008546,False
0.0073682,-1.5066696,-1.5140378405410766,1.5140378405410766,False
0.0081115,-0.20938474,-0.2174962393989563,0.2174962393989563,False
0.0087036,-1.7539332,-1.7626367912994385,1.7626367912994385,False
0.030361,-1.7722456,-1.8026066455230714,1.8026066455230714,True
0.047391,-0.91558444,-0.9629754449996948,0.9629754449996948,False
0.0089096,-0.7609946,-0.7699042131706237,0.7699042131706237,False
0.050551,-0.23539239,-0.28594339168167116,0.28594339168167116,False
0.0090665,-0.2969368,-0.30600331001663206,0.30600331001663206,False
0.0098368,-1.1420283,-1.1518651317565918,1.1518651317565918,False
0.017451,-2.027278,-2.044728946472168,2.044728946472168,True
0.018131,-1.2001271,-1.2182581247863769,1.2182581247863769,False
0.013356,-0.4232595,-0.43661549668884275,0.43661549668884275,False
0.038322,-1.5221295,-1.5604515356750488,1.5604515356750488,False
0.014522,-0.8456388,-0.8601608115882874,0.8601608115882874,False
0.070977,-1.2381516,-1.3091285502929688,1.3091285502929688,False
0.0084926,-3.2069407,-3.2154332509399413,3.2154332509399413,True
0.013005,-1.9955225,-2.008527499084473,2.008527499084473,True
0.0098672,-0.19057566,-0.20044285927505492,0.20044285927505492,False
0.017198,-0.3096477,-0.32684570913124084,0.32684570913124084,False
0.0074455,-0.5437433,-0.5511888123588562,0.5511888123588562,False
0.0094065,-0.60563403,-0.6150405336799621,0.6150405336799621,False
0.0094098,-0.9524543,-0.9618641285369873,0.9618641285369873,False
0.0086255,-0.49187028,-0.5004957840805053,0.5004957840805053,False
0.0077168,-1.7863171,-1.7940339100616456,1.7940339100616456,True
0.012763,0.88847375,0.8757107491607666,0.8757107491607666,False
0.020661,-0.5905371,-0.6111980712280274,0.6111980712280274,False
0.010747,-0.7123672,-0.7231141770095825,0.7231141770095825,False
0.0085678,-1.1703057,-1.1788735289123535,1.1788735289123535,False
0.0082166,0.7975996,0.7893830136665344,0.7893830136665344,False
0.0085791,-0.24040672,-0.24898582183036805,0.24898582183036805,False
0.02463,-1.0978174,-1.1224474209594726,1.1224474209594726,False
0.008115,-1.2969525,-1.305067486038208,1.305067486038208,False
0.0089492,0.13908845,0.13013925186233521,0.13013925186233521,False
0.0083071,-2.0882192,-2.096526265802002,2.096526265802002,True
0.02109,-1.5898633,-1.6109533003234864,1.6109533003234864,False
0.0090241,-0.6456177,-0.6546418234649658,0.6546418234649658,False
0.0081921,-1.3346738,-1.3428658623214722,1.3428658623214722,False
0.018639,1.6272154,1.6085763854370116,1.6085763854370116,False
0.0093473,-1.7368368,-1.7461840910385131,1.7461840910385131,False
0.017211,-2.1126273,-2.1298382678375245,2.1298382678375245,True
0.017064,0.63442904,0.6173650375709534,0.6173650375709534,False
0.023705,-0.1821551,-0.2058601024913788,0.2058601024913788,False
0.013982,-0.19624472,-0.2102267166442871,0.2102267166442871,False
0.0072789,-1.8721638,-1.8794426725830078,1.8794426725830078,True
0.0073141,-1.9018099,-1.9091240308013917,1.9091240308013917,True
0.015506,0.5023078,0.48680177263641355,0.48680177263641355,False
0.0087329,-1.446016,-1.4547488540176392,1.4547488540176392,False
0.017499,-0.46992326,-0.4874222578277588,0.4874222578277588,False
0.0093398,0.23692256,0.22758276212234496,0.22758276212234496,False
0.020452,0.092739426,0.07228742559957504,0.07228742559957504,False
0.0081471,-0.18436879,-0.1925158891960144,0.1925158891960144,False
0.020788,-0.18394858,-0.2047365764503479,0.2047365764503479,False
0.01688,-0.5900568,-0.6069367770004273,0.6069367770004273,False
0.0088477,-0.89617455,-0.9050222500564575,0.9050222500564575,False
0.0083355,-0.95738673,-0.9657222321014405,0.9657222321014405,False
0.016846,0.68645084,0.6696048390426635,0.6696048390426635,False
0.014626,-0.6923907,-0.7070166803131104,0.7070166803131104,False
0.012523,-0.5350595,-0.5475825116615295,0.5475825116615295,False
0.0077085,-1.4367756,-1.4444840651473998,1.4444840651473998,False
0.0081219,-0.7216824,-0.7298043293136597,0.7298043293136597,False
0.0080826,-0.39511102,-0.4031936243797302,0.4031936243797302,False
0.025059,-0.6626905,-0.6877495202865601,0.6877495202865601,False
0.062792,0.2290743,0.16628229933547972,0.16628229933547972,False
0.012193,0.11884546,0.10665246279907227,0.10665246279907227,False
0.0098602,-1.0704029,-1.0802630606414796,1.0802630606414796,False
0.0099764,-1.8609192,-1.8708956371368408,1.8708956371368408,True
0.0086486,-0.72848344,-0.7371320384918213,0.7371320384918213,False
0.0071252,-0.0030758977,-0.010201097693634033,0.010201097693634033,False
0.016387,-1.1860863,-1.2024732970352172,1.2024732970352172,False
0.01318,0.3658495,0.352669494934082,0.352669494934082,False
0.051511,-0.14110199,-0.19261298616981506,0.19261298616981506,False
0.0099136,-1.0906644,-1.1005779867492675,1.1005779867492675,False
0.0089251,-0.4979962,-0.5069213110519409,0.5069213110519409,False
0.0099523,-0.06275654,-0.07270883839111328,0.07270883839111328,False
0.0095252,-3.1221478,-3.131672998538208,3.131672998538208,True
0.0097967,-1.5304186,-1.540215334414673,1.540215334414673,False
0.01784,-0.3408069,-0.35864690145492556,0.35864690145492556,False
0.016868,-0.8491419,-0.8660098957710266,0.8660098957710266,False
0.0078062,-0.95260304,-0.9604092421257019,0.9604092421257019,False
0.0099839,-2.4705057,-2.480489614416504,2.480489614416504,True
0.0092304,-2.3487153,-2.357945705328369,2.357945705328369,True
0.0083668,-1.0376692,-1.0460359818237304,1.0460359818237304,False
0.015637,-0.9462987,-0.9619357184524536,0.9619357184524536,False
0.0079325,-1.7389934,-1.7469259062957763,1.7469259062957763,False
0.009507,0.34304124,0.33353424116897584,0.33353424116897584,False
0.0086785,-0.59750044,-0.6061789434585572,0.6061789434585572,False
0.019108,-0.4194677,-0.43857568760681154,0.43857568760681154,False
0.047527,-0.8622776,-0.909804626991272,0.909804626991272,False
0.0076172,-2.4903302,-2.4979474192687987,2.4979474192687987,True
0.0082634,0.5730671,0.5648037286582946,0.5648037286582946,False
0.0082583,0.012196481,0.003938181227874756,0.003938181227874756,False
0.013387,-1.2906392,-1.3040261620635987,1.3040261620635987,False
0.015961,0.57489365,0.5589326533927917,0.5589326533927917,False
0.012934,-0.9951967,-1.0081307000961304,1.0081307000961304,False
0.011448,-1.416969,-1.4284169416885375,1.4284169416885375,False
0.01463,0.2750452,0.26041518628120425,0.26041518628120425,False
0.0099797,-0.57163894,-0.5816186417648316,0.5816186417648316,False
0.0078191,-0.44279373,-0.45061282692108157,0.45061282692108157,False
0.014337,-2.3123035,-2.32664054309082,2.32664054309082,True
0.0084305,-1.6351228,-1.6435532760314941,1.6435532760314941,False
0.009436,-0.80570304,-0.8151390439376831,0.8151390439376831,False
0.031917,-1.501581,-1.5334979535980224,1.5334979535980224,False
0.020269,-1.6711689,-1.6914379233779908,1.6914379233779908,False
0.0071404,-1.2714351,-1.2785755415634155,1.2785755415634155,False
0.0087228,-1.0057137,-1.0144365012481689,1.0144365012481689,False
0.0087142,-2.1140838,-2.122797966937256,2.122797966937256,True
0.0069572,-0.8469642,-0.8539213804695129,0.8539213804695129,False
0.0093761,-1.2254157,-1.2347918066345216,1.2347918066345216,False
0.043462,-0.4993773,-0.5428393102760315,0.5428393102760315,False
0.0083855,-0.6160958,-0.624481281326294,0.624481281326294,False
0.022722,-3.6215053,-3.644227260467529,3.644227260467529,True
0.012633,-0.25306505,-0.2656980496482849,0.2656980496482849,False
0.0078906,0.5957887,0.5878981172698975,0.5878981172698975,False
0.015851,-2.073401,-2.0892519742736817,2.0892519742736817,True
0.0089282,-1.5656562,-1.5745843851501464,1.5745843851501464,False
0.026778,-0.12103802,-0.147816019657135,0.147816019657135,False
0.0069602,-0.88185966,-0.8888198601486206,0.8888198601486206,False
0.009362,-0.80488276,-0.8142447648162842,0.8142447648162842,False
0.0091077,-1.5248058,-1.5339134842254638,1.5339134842254638,False
0.010683,-1.5932748,-1.6039578317718506,1.6039578317718506,False
0.011689,-0.8079362,-0.8196251915588378,0.8196251915588378,False
0.018981,-0.59346265,-0.6124436460075379,0.6124436460075379,False
0.03303,-1.3002465,-1.333276477127075,1.333276477127075,False
0.0075991,-1.0719018,-1.079500898248291,1.079500898248291,False
0.032814,-1.2537589,-1.2865729073181151,1.2865729073181151,False
0.0095284,-0.3860975,-0.3956258907875061,0.3956258907875061,False
0.007916,0.11291832,0.10500231731796264,0.10500231731796264,False
0.008382,0.60945237,0.6010703668289185,0.6010703668289185,False
0.015989,-0.8315375,-0.8475264851226807,0.8475264851226807,False
0.0092513,-1.5627633,-1.5720146333206177,1.5720146333206177,False
0.016273,-2.0012531,-2.017526128051758,2.017526128051758,True
0.023012,-1.4806272,-1.503639179145813,1.503639179145813,False
0.012878,0.3899889,0.37711089923095703,0.37711089923095703,False
0.0080347,-0.7007458,-0.7087805209991455,0.7087805209991455,False
0.0097753,0.24137944,0.23160413983078004,0.23160413983078004,False
0.0083455,-0.78582597,-0.7941714677886963,0.7941714677886963,False
0.0087934,-1.0405396,-1.0493330223068238,1.0493330223068238,False
0.0083164,-0.37192398,-0.3802403830970764,0.3802403830970764,False
0.017647,-0.63107413,-0.6487211305351257,0.6487211305351257,False
0.0077683,-1.0252483,-1.0330165891082763,1.0330165891082763,False
0.0082544,-1.028822,-1.0370763451904297,1.0370763451904297,False
0.0080505,-1.5250298,-1.5330802784805297,1.5330802784805297,False
0.044461,-1.750192,-1.7946530461654664,1.7946530461654664,True
0.0076898,-1.4764181,-1.484107937550354,1.484107937550354,False
0.0094879,-0.054215133,-0.06370303319015502,0.06370303319015502,False
0.0085855,-0.9540806,-0.9626660816650391,0.9626660816650391,False
0.013504,1.1743807,1.160876660057068,1.160876660057068,False
0.007193,-1.2071722,-1.214365155380249,1.214365155380249,False
0.018294,-1.9220924,-1.9403864377441407,1.9403864377441407,True
0.034279,-1.3508964,-1.3851753584899902,1.3851753584899902,False
0.011755,-2.8443146,-2.8560695751953125,2.8560695751953125,True
0.00841,-1.8047528,-1.8131628266906739,1.8131628266906739,True
0.028618,-2.1974773,-2.226095340698242,2.226095340698242,True
0.014686,0.10950267,0.09481667314910888,0.09481667314910888,False
0.0081686,-0.4506191,-0.45878770152435305,0.45878770152435305,False
0.011773,-1.3912661,-1.4030391075592041,1.4030391075592041,False
0.0090595,-0.90496147,-0.9140209667892456,0.9140209667892456,False
0.0089989,0.3366261,0.3276272124610901,0.3276272124610901,False
0.0091087,-1.9987249,-2.007833637438965,2.007833637438965,True
0.0077052,-1.8567111,-1.8644163492156982,1.8644163492156982,True
0.0094849,-2.240368,-2.249852789404297,2.249852789404297,True
0.019356,-1.4538435,-1.4731994743881225,1.4731994743881225,False
0.0086858,-0.82114863,-0.8298344339569091,0.8298344339569091,False
0.0077925,-1.99686,-2.0046525273132323,2.0046525273132323,True
0.0098876,-1.0551413,-1.06502892976532,1.06502892976532,False
0.018839,-0.82114863,-0.8399876339569092,0.8399876339569092,False
0.0084104,-1.1521206,-1.160530990209961,1.160530990209961,False
0.0081403,-0.8215817,-0.8297220213058472,0.8297220213058472,False
0.049522,-0.7927095,-0.8422315293998718,0.8422315293998718,False
0.021456,-1.4380022,-1.4594582287368774,1.4594582287368774,False
0.046183,-1.5293443,-1.5755273202972413,1.5755273202972413,False
0.018553,-0.6057417,-0.6242946796684266,0.6242946796684266,False
0.007703,-0.8722225,-0.8799254831581116,0.8799254831581116,False
0.018759,-0.71033114,-0.7290901419486999,0.7290901419486999,False
0.0092219,0.28433514,0.2751132364135742,0.2751132364135742,False
0.009343,-1.7210652,-1.7304081636123658,1.7304081636123658,False
0.0097294,-0.29398033,-0.30370973022880554,0.30370973022880554,False
0.013966,0.07510066,0.06113466032409668,0.06113466032409668,False
0.0097392,0.2909375,0.28119831311302185,0.28119831311302185,False
0.0093711,-0.476534,-0.4859051089797974,0.4859051089797974,False
0.017091,-1.1526154,-1.1697064279708862,1.1697064279708862,False
0.0090404,0.56384873,0.5548083339019776,0.5548083339019776,False
0.014587,-0.6568784,-0.671465411769867,0.671465411769867,False
0.008661,-1.6291422,-1.637803165184021,1.637803165184021,False
0.0097369,-1.831943,-1.8416799351257325,1.8416799351257325,True
0.007947,-0.82683057,-0.8347775659294129,0.8347775659294129,False
0.007486,-0.28247762,-0.28996361726379394,0.28996361726379394,False
0.01614,-0.31445843,-0.330598429813385,0.330598429813385,False
0.014998,-0.22108242,-0.2360804191570282,0.2360804191570282,False
0.0088139,-0.9420113,-0.950825196749115,0.950825196749115,False
0.019682,-0.22442353,-0.24410552771759034,0.24410552771759034,False
0.010499,0.30433536,0.293836355758667,0.293836355758667,False
0.012384,0.83700895,0.8246249530944825,0.8246249530944825,False
0.0090817,-1.1403044,-1.149386146220398,1.149386146220398,False
0.015952,-0.8422384,-0.8581904262084961,0.8581904262084961,False
0.00978,-1.116986,-1.126766036300659,1.126766036300659,False
0.0079091,-1.5970566,-1.6049657272735596,1.6049657272735596,False
0.0097173,-0.22358385,-0.23330114728431703,0.23330114728431703,False
0.011651,0.47550142,0.4638504181137085,0.4638504181137085,False
0.021361,-0.39711323,-0.4184742338047028,0.4184742338047028,False
0.00964,-2.1791677,-2.1888077474975587,2.1888077474975587,True
0.015542,-0.61751676,-0.6330587560577392,0.6330587560577392,False
0.012363,0.12196348,0.10960047862482071,0.10960047862482071,False
0.0082886,-0.87122184,-0.8795104403816223,0.8795104403816223,False
0.008761,-1.0323566,-1.0411176198349,1.0411176198349,False
0.0097618,-0.114497244,-0.12425904435806275,0.12425904435806275,False
0.012314,-1.3457552,-1.3580692194595336,1.3580692194595336,False
0.0072866,-0.46204388,-0.4693304814163208,0.4693304814163208,False
0.013481,-1.4287269,-1.4422079115447999,1.4422079115447999,False
0.0089986,-1.3932273,-1.4022259387908935,1.4022259387908935,False
0.0075599,-1.7653515,-1.7729114338897705,1.7729114338897705,True
0.022105,-0.5841576,-0.6062625860977173,0.6062625860977173,False
0.0073086,-0.2762707,-0.28357928758010864,0.28357928758010864,False
0.014685,-1.1852014,-1.199886406478882,1.199886406478882,False
0.0084242,-0.9915581,-0.9999822749511719,0.9999822749511719,False
0.0088432,-1.5221614,-1.531004564555359,1.531004564555359,False
0.032708,-0.98309076,-1.0157987583236694,1.0157987583236694,False
0.064391,-0.329224,-0.39361499044036863,0.39361499044036863,False
0.0099263,-1.0349433,-1.0448696422088624,1.0448696422088624,False
0.0082772,-0.3507423,-0.3590195102855682,0.3590195102855682,False
0.0098933,-1.2276044,-1.237497689190674,1.237497689190674,False
0.012638,-0.37779218,-0.39043017958450316,0.39043017958450316,False
0.0088437,0.43397614,0.4251324435985565,0.4251324435985565,False
0.01665,-0.5334227,-0.5500727085113526,0.5500727085113526,False
0.047428,-1.0477675,-1.0951955199508667,1.0951955199508667,False
0.060658,-1.0983808,-1.1590388040618897,1.1590388040618897,False
0.077259,-0.5175489,-0.59480791872406,0.59480791872406,False
0.012439,-1.5683308,-1.580769764770508,1.580769764770508,False
0.0081426,-0.037001252,-0.04514385217437744,0.04514385217437744,False
0.0085789,-1.5221614,-1.530740264555359,1.530740264555359,False
0.0087905,-0.15644772,-0.16523822350788117,0.16523822350788117,False
0.0086301,-0.4019857,-0.4106158048988342,0.4106158048988342,False
0.0086093,-1.469,-1.477609281880188,1.477609281880188,False
0.01058,-2.9390202,-2.9496001568603516,2.9496001568603516,True
0.0080767,-0.09034945,-0.0984261507074356,0.0984261507074356,False
0.019772,-0.81671596,-0.8364879557342529,0.8364879557342529,False
0.03529,-0.9716664,-1.0069563956642151,1.0069563956642151,False
0.0072056,-0.062342763,-0.06954836294708253,0.06954836294708253,False
0.016769,-0.42417574,-0.44094473928833006,0.44094473928833006,False
0.017221,-2.873653,-2.8908739350280763,2.8908739350280763,True
0.017125,-0.1570757,-0.1742007031440735,0.1742007031440735,False
0.011799,-1.1336629,-1.1454619390716552,1.1454619390716552,False
0.011378,-0.37103873,-0.3824167349128723,0.3824167349128723,False
0.0078376,-0.32957035,-0.33740795303115845,0.33740795303115845,False
0.017605,-2.1969388,-2.214543753128052,2.214543753128052,True
0.014975,0.35521787,0.34024287405014036,0.34024287405014036,False
0.0099934,-2.070424,-2.0804174798950195,2.0804174798950195,True
0.010706,-0.09352207,-0.1042280718383789,0.1042280718383789,False
0.0077054,-0.5758784,-0.583583781729126,0.583583781729126,False
0.010716,-0.17539835,-0.1861143497619629,0.1861143497619629,False
0.015728,-1.5732017,-1.5889296563415527,1.5889296563415527,False
0.0082018,-0.036212027,-0.044413827072906496,0.044413827072906496,False
0.009123,0.3202297,0.311106709148407,0.311106709148407,False
0.021848,0.3174983,0.29565029649925234,0.29565029649925234,False
0.018511,2.0710268,2.052515802062988,2.052515802062988,True
0.018277,-0.68176186,-0.7000388608474731,0.7000388608474731,False
0.012961,-0.655058,-0.6680190263137817,0.6680190263137817,False
0.012378,-0.43249592,-0.44487392185020447,0.44487392185020447,False
0.01564,-1.092607,-1.1082470213317872,1.1082470213317872,False
0.016031,-0.19509333,-0.21112433372116088,0.21112433372116088,False
0.0071937,-0.38691595,-0.3941096519672394,0.3941096519672394,False
0.0093104,-0.20468825,-0.21399865101852417,0.21399865101852417,False
0.017842,-0.24713193,-0.2649739288015366,0.2649739288015366,False
0.0097057,-1.1471175,-1.1568231955368042,1.1568231955368042,False
0.009761,-0.80898786,-0.8187488559112549,0.8187488559112549,False
0.037732,0.40058577,0.36285377060699464,0.36285377060699464,False
0.018753,-0.053086042,-0.0718390424041748,0.0718390424041748,False
0.017934,-0.083289206,-0.10122320602798462,0.10122320602798462,False
0.035091,-0.6841331,-0.7192241124305725,0.7192241124305725,False
0.0092978,0.114587665,0.10528986460418702,0.10528986460418702,False
0.0081478,-0.9495538,-0.9577015877082825,0.9577015877082825,False
0.0088214,-0.040939808,-0.0497612078918457,0.0497612078918457,False
0.0085552,0.8395477,0.8309924937294006,0.8309924937294006,False
0.0095065,-1.6623815,-1.6718880298080445,1.6718880298080445,False
0.0076728,-1.2503173,-1.257990135128784,1.257990135128784,False
0.0082022,-0.8556547,-0.8638569164916993,0.8638569164916993,False
0.0095576,-1.2492344,-1.2587920379425048,1.2587920379425048,False
0.024526,-1.0012343,-1.0257602929840088,1.0257602929840088,False
0.014797,0.3504601,0.33566311209487915,0.33566311209487915,False
0.017536,0.23262751,0.2150915110244751,0.2150915110244751,False
0.019581,-0.69460624,-0.7141872445640564,0.7141872445640564,False
0.0089132,-2.5461314,-2.555044572451782,2.555044572451782,True
0.0092541,0.13983703,0.13058292659606935,0.13058292659606935,False
0.013661,-0.6599256,-0.6735865800247193,0.6735865800247193,False
0.0084303,-1.1378889,-1.1463192083862304,1.1463192083862304,False
0.012341,-0.30946165,-0.32180265323257445,0.32180265323257445,False
0.014651,0.34564143,0.33099043419265745,0.33099043419265745,False
0.0083963,-0.2781519,-0.28654819957618716,0.28654819957618716,False
0.017507,-0.194857,-0.21236400130462646,0.21236400130462646,False
0.0086527,-0.89569813,-0.9043508301307678,0.9043508301307678,False
0.008676,-2.2018642,-2.210540242553711,2.210540242553711,True
0.0095961,-0.5024754,-0.512071480897522,0.512071480897522,False
0.0087173,-1.6272688,-1.6359860911987305,1.6359860911987305,False
0.0088081,-0.80044556,-0.809253656640625,0.809253656640625,False
0.0071668,-0.81358206,-0.8207488627212525,0.8207488627212525,False
0.0095456,1.0267835,1.0172378663391113,1.0172378663391113,False
0.0073999,-1.2692201,-1.2766200137542725,1.2766200137542725,False
0.0092682,-0.9556805,-0.9649486895401,0.9649486895401,False
0.011949,-2.4730053,-2.4849542947998047,2.4849542947998047,True
0.023434,-1.2877853,-1.3112192916717529,1.3112192916717529,False
0.0078282,-1.07986,-1.0876881720001221,1.0876881720001221,False
0.013503,-0.8861561,-0.8996590821533204,0.8996590821533204,False
0.0093331,0.43448782,0.4251547196716309,0.4251547196716309,False
0.0080542,-2.2578568,-2.265911045855713,2.265911045855713,True
0.0086973,-0.88134575,-0.8900430489013672,0.8900430489013672,False
0.0096652,-0.9677711,-0.9774363129188538,0.9774363129188538,False
0.0080241,-1.4637637,-1.47178781383667,1.47178781383667,False
0.014576,1.2867199,1.2721439182510377,1.2721439182510377,False
0.0075503,0.049803853,0.04225355303497314,0.04225355303497314,False
0.0083265,-0.75698376,-0.765310257019043,0.765310257019043,False
0.0070599,0.1898107,0.18275079326400756,0.18275079326400756,False
0.018919,-1.1641607,-1.1830797284545898,1.1830797284545898,False
0.017775,-0.21445334,-0.23222833957672118,0.23222833957672118,False
0.0075261,-0.5585046,-0.566030681451416,0.566030681451416,False
0.02686,1.3349352,1.308075188293457,1.308075188293457,False
0.015252,-1.0980543,-1.11330628981781,1.11330628981781,False
0.015182,-0.48152378,-0.4967057820148468,0.4967057820148468,False
1.0,-0.5153166,-1.5153166055679321,1.5153166055679321,False
0.0084526,-1.3284969,-1.3369495329833985,1.3369495329833985,False
0.0078205,-1.6460952,-1.6539156566696167,1.6539156566696167,False
0.012791,0.8603358,0.8475448268737793,0.8475448268737793,False
0.0092268,-0.17077577,-0.18000257114105225,0.18000257114105225,False
0.0067572,-1.4954215,-1.5021787288162232,1.5021787288162232,False
0.037354,-0.73327386,-0.7706278637924194,0.7706278637924194,False
0.01699,1.4023298,1.3853398025131225,1.3853398025131225,False
0.0071255,-0.23636526,-0.24349075869369508,0.24349075869369508,False
0.062708,0.21227062,0.1495626174850464,0.1495626174850464,False
0.01241,1.5590413,1.5466312616729736,1.5466312616729736,False
0.0095837,0.27170557,0.2621218678367615,0.2621218678367615,False
0.006867,0.46502435,0.4581573520736694,0.4581573520736694,False
0.0079269,1.1043017,1.096374791055298,1.096374791055298,False
0.014159,-1.1695838,-1.183742797454834,1.183742797454834,False
0.0072784,-0.21439743,-0.22167583041992187,0.22167583041992187,False
0.0099596,-0.48158965,-0.4915492451473236,0.4915492451473236,False
0.0092734,-2.0031333,-2.012406696966553,2.012406696966553,True
0.0079334,-1.1516726,-1.159606001699829,1.159606001699829,False
0.012881,0.39754173,0.38466073159599307,0.38466073159599307,False
0.0092657,0.58642584,0.5771601408546447,0.5771601408546447,False
0.014032,-0.95941144,-0.9734434422798157,0.9734434422798157,False
0.038664,0.33731836,0.2986543608055115,0.2986543608055115,False
0.021123,-0.41334808,-0.43447107872772217,0.43447107872772217,False
0.0088272,-1.280871,-1.289698233668518,1.289698233668518,False
0.0087375,-0.5744134,-0.5831509187698364,0.5831509187698364,False
0.0093717,-1.6122028,-1.621574463557434,1.621574463557434,False
0.0081733,-0.32520777,-0.33338106987075805,0.33338106987075805,False
0.02277,-1.1016607,-1.1244307284545898,1.1244307284545898,False
0.0096707,-0.70149803,-0.711168731616211,0.711168731616211,False
0.0089649,-1.4820869,-1.4910517968963624,1.4910517968963624,False
0.0087923,-0.0725593,-0.08135159708480835,0.08135159708480835,False
0.0083589,-0.7487937,-0.7571526211990356,0.7571526211990356,False
0.0089899,-0.36750424,-0.3764941390823364,0.3764941390823364,False
0.0086195,-0.2824909,-0.29111040909957886,0.29111040909957886,False
0.016793,-0.12708503,-0.14387803007888794,0.14387803007888794,False
0.011022,-0.053872705,-0.06489470450592041,0.06489470450592041,False
0.012021,-0.93487155,-0.9468925543746948,0.9468925543746948,False
0.015209,1.499403,1.4841939998779297,1.4841939998779297,False
0.0084128,-0.9423345,-0.9507472731330872,0.9507472731330872,False
0.0092594,0.53073555,0.5214761523109436,0.5214761523109436,False
0.0089194,-0.084278286,-0.09319768550338745,0.09319768550338745,False
0.0079313,-0.6754809,-0.6834122021949768,0.6834122021949768,False
0.0099863,-2.449874,-2.459860224255371,2.459860224255371,True
0.0099481,0.53208613,0.5221380339569092,0.5221380339569092,False
0.01351,1.1259301,1.1124200708770753,1.1124200708770753,False
0.0085957,-1.8441378,-1.8527334878189088,1.8527334878189088,True
0.012857,-1.023555,-1.036412040359497,1.036412040359497,False
0.015307,1.3873788,1.3720718118362427,1.3720718118362427,False
0.0096369,0.5894019,0.5797650007682801,0.5797650007682801,False
0.0088006,-0.33364728,-0.34244788093147277,0.34244788093147277,False
0.0089892,0.6491635,0.6401742845733642,0.6401742845733642,False
0.0081581,-0.890002,-0.8981601122528076,0.8981601122528076,False
0.0093686,-1.1622343,-1.1716029063354492,1.1716029063354492,False
0.0081934,-0.23388019,-0.24207359204139708,0.24207359204139708,False
0.016391,0.46092376,0.4445327611293793,0.4445327611293793,False
0.007329,0.5330183,0.5256892909965515,0.5256892909965515,False
0.0097683,-0.52574307,-0.5355113672645568,0.5355113672645568,False
0.017949,-1.2069366,-1.2248855978240967,1.2248855978240967,False
0.043628,-0.28320456,-0.3268325555114746,0.3268325555114746,False
0.0080479,-0.639148,-0.6471958969024658,0.6471958969024658,False
0.016811,-0.25407135,-0.27088235486602785,0.27088235486602785,False
0.039544,-0.9646477,-1.0041917103233338,1.0041917103233338,False
0.016388,-2.0096846,-2.0260725626831055,2.0260725626831055,True
0.019466,-0.044375658,-0.06384165803527832,0.06384165803527832,False
0.0083765,-0.4980892,-0.5064656942977905,0.5064656942977905,False
0.027148,-0.9820649,-1.0092129027824401,1.0092129027824401,False
0.0098722,-0.1943562,-0.20422840307922363,0.20422840307922363,False
0.012766,-0.7704831,-0.7832490765724183,0.7832490765724183,False
0.0077968,-0.32942045,-0.33721724734954833,0.33721724734954833,False
0.0094938,-0.84471405,-0.8542078455245972,0.8542078455245972,False
0.016327,-0.38972527,-0.40605226788711546,0.40605226788711546,False
0.016873,-0.9112518,-0.9281247833709717,0.9281247833709717,False
0.0099161,-0.44257253,-0.45248863408432005,0.45248863408432005,False
0.0078181,0.03474182,0.026923718904876708,0.026923718904876708,False
0.0099104,-0.44257253,-0.45248293408432005,0.45248293408432005,False
0.0076321,-0.7676873,-0.7753194207092285,0.7753194207092285,False
0.011893,-0.8566699,-0.8685629028015137,0.8685629028015137,False
0.0083573,-0.8303608,-0.8387180702255249,0.8387180702255249,False
0.0077218,0.67245007,0.664728265612793,0.664728265612793,False
0.010971,-1.6861875,-1.697158505722046,1.697158505722046,False
0.027952,1.0270562,0.9991042171936035,0.9991042171936035,False
0.016089,-0.20958579,-0.22567478586578368,0.22567478586578368,False
0.009077,-1.1543667,-1.1634437316436768,1.1634437316436768,False
0.0083465,-1.7675257,-1.7758721729125977,1.7758721729125977,True
0.013465,0.67255855,0.6590935460662842,0.6590935460662842,False
0.0096574,-1.0868683,-1.0965256861328125,1.0965256861328125,False
0.0095332,-0.579561,-0.5890941951019287,0.5890941951019287,False
0.047724,0.20259535,0.1548713531265259,0.1548713531265259,False
0.018157,-1.3239923,-1.3421492523498535,1.3421492523498535,False
0.0084881,-0.9745235,-0.9830115847068787,0.9830115847068787,False
0.0081483,-1.6088576,-1.6170059316833496,1.6170059316833496,False
0.0073098,-0.40257245,-0.40988225302200315,0.40988225302200315,False
0.014084,-1.0351197,-1.049203652748108,1.049203652748108,False
0.010526,-0.16811207,-0.17863806936836243,0.17863806936836243,False
0.0091173,0.78314185,0.7740245514251709,0.7740245514251709,False
0.015021,0.022053182,0.007032182125091553,0.007032182125091553,False
0.0086873,-0.3764306,-0.38511790088157655,0.38511790088157655,False
0.0091855,-1.1784923,-1.187677807662964,1.187677807662964,False
0.0086441,-0.72149086,-0.7301349599853516,0.7301349599853516,False
0.014958,0.40464142,0.3896834196491241,0.3896834196491241,False
0.016443,-0.5055348,-0.521977827709198,0.521977827709198,False
0.0099916,-0.5325175,-0.5425090927711487,0.5425090927711487,False
0.0083228,-0.28017402,-0.28849681695251467,0.28849681695251467,False
0.00759,-1.345649,-1.353239003982544,1.353239003982544,False
0.0097142,-0.37452126,-0.38423545549316407,0.38423545549316407,False
0.0094694,-0.28549868,-0.29496807868423464,0.29496807868423464,False
0.011781,-1.0404321,-1.052213095527649,1.052213095527649,False
0.008999,-0.08892189,-0.09792088966274262,0.09792088966274262,False
0.031418,0.5371554,0.5057373897857667,0.5057373897857667,False
0.064845,-1.1778789,-1.2427238566589356,1.2427238566589356,False
0.0098891,-0.83392525,-0.8438143471923828,0.8438143471923828,False
0.012058,0.58603716,0.5739791589660644,0.5739791589660644,False
0.015942,0.37259316,0.3566511644439697,0.3566511644439697,False
0.017443,1.2346702,1.2172271622009276,1.2172271622009276,False
0.0099688,-0.6398318,-0.6498005813873291,0.6498005813873291,False
0.0099252,-0.23099706,-0.24092225576896667,0.24092225576896667,False
0.0085492,-0.3777833,-0.3863324984924316,0.3863324984924316,False
0.008812,-0.2783665,-0.2871785060997009,0.2871785060997009,False
0.0088182,-0.6105853,-0.6194034723121643,0.6194034723121643,False
0.007522,-0.7907067,-0.7982286941261292,0.7982286941261292,False
0.0081935,-0.30694258,-0.31513608213043215,0.31513608213043215,False
0.0093369,-0.5440085,-0.5533453934234619,0.5533453934234619,False
0.0076773,-0.13068181,-0.1383591127632141,0.1383591127632141,False
0.018888,-0.73597026,-0.7548582587127686,0.7548582587127686,False
0.0083888,-0.33521795,-0.34360675272827146,0.34360675272827146,False
0.013781,0.79628164,0.7825006357612609,0.7825006357612609,False
0.014824,1.0844138,1.069589766860962,1.069589766860962,False
0.0089075,-0.52337414,-0.5322816402626037,0.5322816402626037,False
0.013663,0.05694899,0.04328598962974548,0.04328598962974548,False
0.007502,0.33552942,0.3280274167995453,0.3280274167995453,False
0.0078058,0.7501923,0.7423864845840454,0.7423864845840454,False
0.0093903,1.567594,1.558203751361084,1.558203751361084,False
0.0088481,-1.4945207,-1.503368764215088,1.503368764215088,False
0.007574,-0.28757787,-0.2951518675079346,0.2951518675079346,False
0.040747,0.37191853,0.3311715292720795,0.3311715292720795,False
0.008537,0.89951646,0.8909794632797241,0.8909794632797241,False
0.0099229,-0.29820424,-0.308127143183136,0.308127143183136,False
0.020063,-0.6381049,-0.6581679156188965,0.6581679156188965,False
0.0077841,-0.82965046,-0.8374345616737365,0.8374345616737365,False
0.012463,-1.0459747,-1.0584377314453124,1.0584377314453124,False
0.050636,-0.91234386,-0.9629798596725464,0.9629798596725464,False
0.011094,-1.2686698,-1.279763843673706,1.279763843673706,False
0.014344,-0.18098876,-0.19533275880241394,0.19533275880241394,False
0.0094243,0.40244108,0.3930167843849182,0.3930167843849182,False
0.016174,-1.1773558,-1.1935297662963866,1.1935297662963866,False
0.0090221,-1.2317382,-1.2407603097244262,1.2407603097244262,False
0.031278,-0.59697455,-0.6282525516777039,0.6282525516777039,False
0.018269,-0.7386427,-0.756911692565918,0.756911692565918,False
0.01046,-0.63481975,-0.6452797460174561,0.6452797460174561,False
0.0094577,-1.3763051,-1.385762803302002,1.385762803302002,False
0.0075595,-1.4922757,-1.4998352148742675,1.4998352148742675,False
0.020148,-0.34964466,-0.36979266094970703,0.36979266094970703,False
0.0067648,-1.2994151,-1.306179911541748,1.306179911541748,False
0.0087555,-0.73707694,-0.7458324381523133,0.7458324381523133,False
0.014778,-1.2441913,-1.258969288948059,1.258969288948059,False
0.0087937,-0.7457295,-0.7545232060157776,0.7545232060157776,False
0.0076641,-0.6780468,-0.6857109225479125,0.6857109225479125,False
0.008129,-1.1157615,-1.1238905184783936,1.1238905184783936,False
0.032957,-0.17702231,-0.2099793081111908,0.2099793081111908,False
0.0096257,0.643191,0.6335652799575806,0.6335652799575806,False
0.016108,-0.08383784,-0.0999458369808197,0.0999458369808197,False
0.0093968,0.39721134,0.38781454305000307,0.38781454305000307,False
0.0067675,-0.11133689,-0.11810438688278198,0.11810438688278198,False
0.015372,1.8661504,1.8507783791809083,1.8507783791809083,True
0.0082324,1.1454514,1.1372190265060425,1.1372190265060425,False
0.017444,0.006845951,-0.010598048919677736,0.010598048919677736,False
0.048685,-1.1820681,-1.2307531095123292,1.2307531095123292,False
0.0083943,-0.46642065,-0.47481495048217776,0.47481495048217776,False
0.013524,-0.32089162,-0.3344156187286377,0.3344156187286377,False
0.017075,-2.1336303,-2.1507052757263185,2.1507052757263185,True
0.017153,-2.3039863,-2.3211393109588623,2.3211393109588623,True
0.0098647,0.38047552,0.3706108210876465,0.3706108210876465,False
0.018623,-0.70043623,-0.7190592344741822,0.7190592344741822,False
0.0086861,-1.3932637,-1.4019497976242066,1.4019497976242066,False
0.0084056,-0.99918914,-1.0075947384124755,1.0075947384124755,False
0.025602,-0.9656015,-0.9912035038490296,0.9912035038490296,False
0.0071938,-0.41051108,-0.41770487645034793,0.41770487645034793,False
0.0098507,-0.10699201,-0.11684270630187989,0.11684270630187989,False
0.0099843,-0.6575467,-0.6675309990470886,0.6675309990470886,False
0.0081939,-1.1355531,-1.1437470215667724,1.1437470215667724,False
0.064085,-0.24954212,-0.31362711711883545,0.31362711711883545,False
0.012503,-0.11683357,-0.12933656761932372,0.12933656761932372,False
0.015566,-1.6547295,-1.6702954855117798,1.6702954855117798,False
0.0074753,-0.87499493,-0.882470233605194,0.882470233605194,False
0.020857,1.6420729,1.6212159160308839,1.6212159160308839,False
0.022087,-0.5514034,-0.5734904032821655,0.5734904032821655,False
0.0094346,-1.4449944,-1.4544290496154786,1.4544290496154786,False
0.015448,-0.35417074,-0.36961873965072634,0.36961873965072634,False
0.013105,-0.14814162,-0.16124662254333497,0.16124662254333497,False
0.008544,-1.3538272,-1.3623712380828858,1.3623712380828858,False
0.0098369,-1.078321,-1.0881578800720215,1.0881578800720215,False
0.013673,0.9111661,0.8974930718917846,0.8974930718917846,False
0.017135,0.09969747,0.08256247066497803,0.08256247066497803,False
0.015634,-1.7816691,-1.7973031398620605,1.7973031398620605,True
0.007899,-0.78601956,-0.7939185636749267,0.7939185636749267,False
0.01331,-0.9860537,-0.9993637052154541,0.9993637052154541,False
0.0087917,0.93373024,0.9249385446365357,0.9249385446365357,False
0.0075775,-0.87499493,-0.8825724336051941,0.8825724336051941,False
0.0071107,-0.78282225,-0.7899329513198853,0.7899329513198853,False
0.0097891,-1.4469253,-1.4567143824783326,1.4567143824783326,False
0.0079997,-1.279438,-1.2874377187988282,1.2874377187988282,False
0.016307,-1.5764468,-1.5927537716217042,1.5927537716217042,False
0.0083444,-1.0426755,-1.051019895147705,1.051019895147705,False
0.017486,-1.5847728,-1.6022588252410888,1.6022588252410888,False
0.032421,-1.2787354,-1.3111563992462159,1.3111563992462159,False
0.0087099,0.35266298,0.34395308055648804,0.34395308055648804,False
0.0090475,0.11409691,0.10504940976142883,0.10504940976142883,False
0.017786,-1.0415758,-1.0593617894515992,1.0593617894515992,False
0.0085756,-1.1355531,-1.1441287215667724,1.1441287215667724,False
0.0073634,0.33436164,0.3269982425991058,0.3269982425991058,False
0.021319,-1.5094154,-1.5307343881073,1.5307343881073,False
0.066802,-0.81664443,-0.8834464301605225,0.8834464301605225,False
0.0094066,0.013623476,0.0042168760284423835,0.0042168760284423835,False
0.017503,0.06714362,0.04964061906051635,0.04964061906051635,False
0.011093,-1.2233874,-1.234480360572815,1.234480360572815,False
0.009182,-0.42800558,-0.43718757613372805,0.43718757613372805,False
0.043652,-0.59738797,-0.641039969493866,0.641039969493866,False
0.01348,-1.4536341,-1.4671141428756713,1.4671141428756713,False
0.017358,-0.115935564,-0.13329356404113768,0.13329356404113768,False
0.0091718,-0.48498726,-0.4941590589111328,0.4941590589111328,False
0.011559,0.10729933,0.0957403278503418,0.0957403278503418,False
0.086546,-0.7206334,-0.8071793875656128,0.8071793875656128,False
0.0079743,-0.96987975,-0.9778540464370727,0.9778540464370727,False
0.0098614,0.630255,0.6203935839019775,0.6203935839019775,False
0.0077554,-1.3945924,-1.4023478043655395,1.4023478043655395,False
0.0093606,-0.9328545,-0.9422150735908509,0.9422150735908509,False
0.01172,-2.471833,-2.4835529906463623,2.4835529906463623,True
0.0091041,-1.5080526,-1.5171566875091553,1.5171566875091553,False
0.0093027,-1.1266321,-1.1359347943832399,1.1359347943832399,False
0.0092856,-0.8349427,-0.8442282984786987,0.8442282984786987,False
0.017838,-0.74366313,-0.7615011321907044,0.7615011321907044,False
0.015008,-0.29360622,-0.3086142216758728,0.3086142216758728,False
0.009124,-1.0679295,-1.0770535063018798,1.0770535063018798,False
0.011603,-0.00017797947,-0.011780979469299317,0.011780979469299317,False
0.018845,-1.4723092,-1.4911542317581177,1.4911542317581177,False
0.0072778,-0.60396063,-0.6112384332778931,0.6112384332778931,False
0.016531,-0.86893463,-0.8854656313476562,0.8854656313476562,False
0.015094,-0.5556169,-0.5707109152259827,0.5707109152259827,False
0.0074858,-1.3025928,-1.3100785543640137,1.3100785543640137,False
0.019323,0.91929954,0.8999765429039002,0.8999765429039002,False
0.0085037,0.3340634,0.32555971075897217,0.32555971075897217,False
0.0087202,0.20528603,0.19656582600097655,0.19656582600097655,False
0.010187,-1.0368823,-1.0470692813034057,1.0470692813034057,False
0.013575,-1.5031228,-1.5166978065490722,1.5166978065490722,False
0.017954,0.9697882,0.9518341937026977,0.9518341937026977,False
0.0095685,1.1773558,1.1677872662963866,1.1677872662963866,False
0.017019,-0.7243916,-0.7414105796279907,0.7414105796279907,False
0.0089196,-0.24679604,-0.25571564172706607,0.25571564172706607,False
0.021377,1.2683195,1.2469424875717163,1.2469424875717163,False
0.014634,-0.8564342,-0.8710682260360718,0.8710682260360718,False
0.012672,-0.07915515,-0.09182714707565308,0.09182714707565308,False
0.011331,-1.1772697,-1.188600697189331,1.188600697189331,False
0.02369,1.2478955,1.2242054792022705,1.2242054792022705,False
0.013299,-0.9050453,-0.9183442709197998,0.9183442709197998,False
0.019789,0.680475,0.6606859965667724,0.6606859965667724,False
0.023001,0.014701009,-0.008299991203308106,0.008299991203308106,False
0.017907,-1.433827,-1.4517340425796508,1.4517340425796508,False
0.017037,-0.15533602,-0.17237302237701416,0.17237302237701416,False
0.0067699,0.71571845,0.7089485481620789,0.7089485481620789,False
0.016383,0.19025196,0.17386896135044097,0.17386896135044097,False
0.019453,-0.7569828,-0.7764358033447266,0.7764358033447266,False
0.034052,-0.15653104,-0.19058303590011597,0.19058303590011597,False
0.0096253,0.3410226,0.3313973106643677,0.3313973106643677,False
0.0085989,-0.27399927,-0.2825981737770081,0.2825981737770081,False
0.0070211,0.9361273,0.9291062050308228,0.9291062050308228,False
0.021293,-1.6466767,-1.6679696595840454,1.6679696595840454,False
0.01284,-0.5462385,-0.5590784819984436,0.5590784819984436,False
0.015714,-0.6107128,-0.6264268262519836,0.6264268262519836,False
0.0098309,0.9536033,0.9437724272743225,0.9437724272743225,False
0.0088104,-0.38373137,-0.3925417652038574,0.3925417652038574,False
0.010316,-0.73711807,-0.7474340653572082,0.7474340653572082,False
0.0082551,-0.18494308,-0.19319817994842528,0.19319817994842528,False
0.0090992,0.48623502,0.47713582254486087,0.47713582254486087,False
0.02553,-0.31659007,-0.3421200707244873,0.3421200707244873,False
0.0093102,-0.9873826,-0.9966927907707215,0.9966927907707215,False
0.014573,0.6948862,0.6803132075805665,0.6803132075805665,False
0.033278,-1.8178399,-1.8511178609161376,1.8511178609161376,True
0.0098815,-1.7812438,-1.7911253011169435,1.7911253011169435,True
0.0094696,-1.0624855,-1.0719550564666749,1.0719550564666749,False
0.0076975,-1.0890223,-1.0967197787857055,1.0967197787857055,False
0.020532,0.34967542,0.32914341694641114,0.32914341694641114,False
0.014954,0.010096252,-0.0048577480354309085,0.0048577480354309085,False
0.010643,-2.6043048,-2.614947790496826,2.614947790496826,True
0.0096952,-1.5217369,-1.5314320602752685,1.5314320602752685,False
0.0088568,-1.4767652,-1.4856219557922363,1.4856219557922363,False
0.018259,-2.1026123,-2.120871257003784,2.120871257003784,True
0.014948,0.80742484,0.7924768433113099,0.7924768433113099,False
0.0084681,-0.75501895,-0.763487049508667,0.763487049508667,False
0.069452,0.423575,0.3541230138759613,0.3541230138759613,False
0.0079607,0.16914514,0.1611844370716095,0.1611844370716095,False
0.0084123,-1.6350939,-1.643506227383423,1.643506227383423,False
0.0096215,-0.31334326,-0.32296475671195984,0.32296475671195984,False
0.0098715,-1.4898953,-1.4997668437805176,1.4997668437805176,False
0.0069411,-1.5583298,-1.5652709206329345,1.5652709206329345,False
0.0085684,0.031578064,0.02300966396484375,0.02300966396484375,False
0.017529,-0.83285105,-0.8503800522842407,0.8503800522842407,False
0.0082931,-0.2642816,-0.27257470071372986,0.27257470071372986,False
0.010802,-0.8969066,-0.9077086143035888,0.9077086143035888,False
0.043002,0.63471603,0.5917140339355469,0.5917140339355469,False
0.0077567,-0.83739924,-0.8451559443084716,0.8451559443084716,False
0.007584,-0.38265628,-0.3902402762260437,0.3902402762260437,False
0.017371,-0.6456467,-0.6630176913223267,0.6630176913223267,False
0.0077244,-0.13745934,-0.14518373771133422,0.14518373771133422,False
0.0087939,-0.7025405,-0.7113344168533325,0.7113344168533325,False
0.011621,-0.0411731,-0.05279410047149658,0.05279410047149658,False
0.011859,0.25110847,0.23924946757888793,0.23924946757888793,False
0.013886,0.24907434,0.23518833986663817,0.23518833986663817,False
0.0082968,0.61221826,0.6039214607650757,0.6039214607650757,False
0.0086533,-0.81886345,-0.8275167514808655,0.8275167514808655,False
0.030197,0.023950748,-0.00624625185441971,0.00624625185441971,False
0.0088877,-0.929875,-0.9387627162124634,0.9387627162124634,False
0.0084958,0.21191731,0.20342151095314026,0.20342151095314026,False
0.016759,0.014419228,-0.0023397721614837642,0.0023397721614837642,False
0.0095337,-0.24084768,-0.25038137699241636,0.25038137699241636,False
0.016787,0.519842,0.5030550286178589,0.5030550286178589,False
0.0090093,-0.79866195,-0.8076712472503662,0.8076712472503662,False
0.012687,-0.8878039,-0.9004909121627808,0.9004909121627808,False
0.0088811,-0.8000054,-0.8088864763389587,0.8088864763389587,False
0.024041,-1.7033608,-1.7274017959747314,1.7274017959747314,False
0.019249,-0.6616867,-0.6809357184638977,0.6809357184638977,False
0.023921,-1.5706317,-1.594552742477417,1.594552742477417,False
0.018485,0.25871065,0.24022565258979797,0.24022565258979797,False
0.023754,-0.897991,-0.9217450016059876,0.9217450016059876,False
0.0072627,-0.6545948,-0.6618574790145874,0.6618574790145874,False
0.039172,0.07826197,0.03908997147369385,0.03908997147369385,False
0.0087292,-0.89584357,-0.9045727654640198,0.9045727654640198,False
0.0094139,-1.0074433,-1.0168572088302612,1.0168572088302612,False
0.0072516,-0.929875,-0.9371266162124634,0.9371266162124634,False
0.056869,-0.27279922,-0.32966822366142273,0.32966822366142273,False
0.0081087,-0.2855566,-0.2936653143989563,0.2936653143989563,False
0.0067145,0.28902102,0.2823065151672363,0.2823065151672363,False
0.008372,-1.0496308,-1.0580027611465455,1.0580027611465455,False
0.0085926,0.28448704,0.2758944388507843,0.2758944388507843,False
0.0096784,-0.39096648,-0.4006448750099182,0.4006448750099182,False
0.0090867,0.65230954,0.6432228369338989,0.6432228369338989,False
0.0087908,-0.6942601,-0.7030509203918457,0.7030509203918457,False
0.015717,-1.1162817,-1.1319987478179931,1.1319987478179931,False
0.0097632,-0.7446145,-0.7543776819259643,0.7543776819259643,False
0.009283,-1.7503268,-1.7596097526626586,1.7596097526626586,False
0.0094351,-0.24769509,-0.2571301883865356,0.2571301883865356,False
0.0072637,-0.942273,-0.9495367207443237,0.9495367207443237,False
0.014922,0.73983085,0.7249088515548706,0.7249088515548706,False
0.022091,-2.2313836,-2.253474562088013,2.253474562088013,True
0.0080405,-0.6963723,-0.7044127705841065,0.7044127705841065,False
0.0074591,0.03903219,0.03157309103813172,0.03157309103813172,False
0.055863,-1.8575016,-1.9133646260147095,1.9133646260147095,True
0.0078624,-0.6344212,-0.6422836293624878,0.6422836293624878,False
0.0099818,0.03334561,0.023363809903335572,0.023363809903335572,False
0.00883,-1.9164464,-1.9252764473724364,1.9252764473724364,True
0.0095376,-0.57305646,-0.5825940594268799,0.5825940594268799,False
0.012581,-1.9185929,-1.9311739298400878,1.9311739298400878,True
0.011179,-2.220934,-2.23211291418457,2.23211291418457,True
0.042673,-1.320153,-1.362825997970581,1.362825997970581,False
0.020065,-0.87780094,-0.8978659414672852,0.8978659414672852,False
0.017394,-2.2225592,-2.2399532136383056,2.2399532136383056,True
0.018203,-0.08396077,-0.10216377156066894,0.10216377156066894,False
0.040596,-0.75112736,-0.7917233622512817,0.7917233622512817,False
0.019811,-0.55364007,-0.5734510675773621,0.5734510675773621,False
0.0077354,-0.14673024,-0.1544656441596985,0.1544656441596985,False
0.021867,-1.8109157,-1.8327827085418702,1.8327827085418702,True
0.009319,-0.52192426,-0.5312432572784423,0.5312432572784423,False
0.0091828,-0.33011064,-0.33929343933372497,0.33929343933372497,False
0.0088633,-1.5172939,-1.526157230053711,1.526157230053711,False
0.0091861,-0.08192778,-0.09111387633666992,0.09111387633666992,False
0.0092367,-0.729254,-0.7384907073394775,0.7384907073394775,False
0.0089258,-1.4715294,-1.4804551645858766,1.4804551645858766,False
0.00925,-1.3436551,-1.3529051094055176,1.3529051094055176,False
0.017301,1.390461,1.3731599680175781,1.3731599680175781,False
0.0099729,-0.7298796,-0.73985251769104,0.73985251769104,False
0.0089339,0.6074475,0.5985136049972534,0.5985136049972534,False
0.0080296,-0.8269247,-0.8349542816635132,0.8349542816635132,False
0.0079592,0.054769844,0.0468106438167572,0.0468106438167572,False
0.0093874,-0.9647932,-0.9741806052612305,0.9741806052612305,False
0.013343,-0.35859466,-0.3719376559906006,0.3719376559906006,False
0.0073485,-0.7590523,-0.7664007766113281,0.7664007766113281,False
0.023104,0.39900523,0.3759012342414856,0.3759012342414856,False
0.0075526,0.5945707,0.5870180963539123,0.5870180963539123,False
0.016555,0.30749977,0.2909447663497925,0.2909447663497925,False
0.0078269,-0.26657307,-0.2743999714797974,0.2743999714797974,False
0.014577,-1.1713655,-1.18594249949646,1.18594249949646,False
0.006756,-1.2579417,-1.264697722869873,1.264697722869873,False
0.050857,0.31030968,0.25945267831611635,0.25945267831611635,False
0.035129,-1.1946954,-1.2298243535079956,1.2298243535079956,False
0.0077705,-1.0922788,-1.1000493381576537,1.1000493381576537,False
0.013871,-1.4649359,-1.4788068987808227,1.4788068987808227,False
0.023643,-0.18785548,-0.21149848210144043,0.21149848210144043,False
0.014393,-0.2110616,-0.22545459687042235,0.22545459687042235,False
0.036481,-0.49844217,-0.5349231730041504,0.5349231730041504,False
0.008905,-0.7274921,-0.736397094039917,0.736397094039917,False
0.0085081,0.28950667,0.2809985738128662,0.2809985738128662,False
0.015242,-0.98907894,-1.004320938961029,1.004320938961029,False
0.01645,-0.8903898,-0.9068398000717163,0.9068398000717163,False
0.012997,-1.2818358,-1.2948327944488525,1.2948327944488525,False
0.0085122,-1.3164948,-1.3250070225021362,1.3250070225021362,False
0.0082542,-1.7748303,-1.7830845413391114,1.7830845413391114,True
0.0083026,0.90841883,0.9001162342094421,0.9001162342094421,False
0.007692,-0.05194342,-0.059635421363830564,0.059635421363830564,False
0.019483,0.48556417,0.4660811722679138,0.4660811722679138,False
0.08548,-0.79926825,-0.8847482456970215,0.8847482456970215,False
0.007159,-0.1535618,-0.1607208007183075,0.1607208007183075,False
0.0074879,-0.6323987,-0.6398866245559692,0.6398866245559692,False
0.0088455,0.6571313,0.648285814277649,0.648285814277649,False
0.011423,-0.030789256,-0.04221225609588623,0.04221225609588623,False
0.0093813,-0.048832983,-0.058214282778549196,0.058214282778549196,False
0.0099572,-0.14816812,-0.15812531680793762,0.15812531680793762,False
0.017489,0.05465591,0.03716690953826904,0.03716690953826904,False
0.0081359,0.2971895,0.2890536039081574,0.2890536039081574,False
0.012267,-0.8286139,-0.8408808772964478,0.8408808772964478,False
0.0084824,0.50642174,0.4979393448234558,0.4979393448234558,False
0.017649,0.3199085,0.3022594997177124,0.3022594997177124,False
0.0093664,-1.0295867,-1.038953072782898,1.038953072782898,False
0.0094928,-0.56973916,-0.5792319629219055,0.5792319629219055,False
0.017094,-0.09349975,-0.11059374989891052,0.11059374989891052,False
0.008317,-0.5597666,-0.5680835905952454,0.5680835905952454,False
0.0071974,-0.14893979,-0.1561371883415222,0.1561371883415222,False
0.011187,0.27629733,0.26511033085632324,0.26511033085632324,False
0.020801,-0.06944513,-0.09024613320922852,0.09024613320922852,False
